tier,summonerId,summonerName,leaguePoints,wins,losses,veteran,inactive,freshBlood,hotStreak
GRANDMASTER,bTGOC_a8hbjDcA7-tKu-ZbQXzlM0XTtpmoUHtSwj4aRyPBU,Kim Sang Hoon,440,132,128,False,False,False,False
GRANDMASTER,5JM8oGeNI8zmXXGdcpeaC3RLOVF9EAoF5YY3m3A6Qav0css,UECA2,553,154,125,False,False,True,False
GRANDMASTER,TvYjgU6HGrVyz4UJ45Guwz_xoMwKbGHfNGL2aT4pqF4hiQ,딱 지건 대,485,144,112,False,False,True,False
GRANDMASTER,elOLgQuB-DK724AYn6KvBtA91W12ldAIBXwYEjN6qttLig,요플래,435,271,250,True,False,False,False
GRANDMASTER,-M2VutgXW1hLaZWAEwpXEk-vDLwn95jJYUHLi5huLL5_bvg,F A 군면제 서폿,346,220,223,False,False,False,False
GRANDMASTER,vkiluJPefQyK-uNAmu02VFt67OrS-gYhLaHRv26mI_Uvo-M,지하도시 비돌,226,58,38,False,False,True,False
GRANDMASTER,hyDMKYkYwnRnNdw3a_QGtqQoO1Q5_Fj2HS9Iay0U4956aa4,galbimando,397,212,203,False,False,False,False
GRANDMASTER,ByBXAr5gEvCYGxyMM1ll82kDXfnipyoOw65SPth3mf6s7Ck,T1 Oner,434,494,374,False,False,True,False
GRANDMASTER,4lUupzr2gRiSDFLMa1nf0CiVmCVRJWUZRpzD3FOElaqj788,owowowowowowow,308,122,94,False,False,True,False
GRANDMASTER,EQjoQpy-QweRW9VbSSM8yv69R9HzTP0tG0yQ-82qIFon0Q,내큐를바드삼,286,78,52,False,False,False,True
GRANDMASTER,zH00A0GQMWNuq88wSMM2h47W8tLe8k3lPNUxhVBhDFXyIXo,치렝이,225,255,181,False,False,False,False
GRANDMASTER,dp5K53BGozlKNNeJHXmLgbVO3md9GVGI-l3IQ-gcKQrr_oI,i am jo jo,238,432,400,False,False,False,True
GRANDMASTER,4vdlLWzPyIvQkmsFvySBgPiVi4NH-b37lZSirpr5_4dcLTU,OMG the  bug,193,338,307,False,False,True,False
GRANDMASTER,XWC076VdKRkaG4PNmUp3zT5PLWxJwNos2YDlMc2Uf5f73Jo,광광우럮따,458,257,224,False,False,True,False
GRANDMASTER,fX1OMkwkYdEoSIC7hnxJmXbfi80ANpUjoAok9rYPNUY8bSI,맨질맨질보노보노,407,458,436,False,False,False,False
GRANDMASTER,yyeJ3Ckn27xP0VYhRQkeNkesUeaHVkBjUWAvS3OA3R0nycg,이규원,383,189,115,False,False,False,False
GRANDMASTER,VhP-boxyPW-IzkxYu3I_LutxcGNhSZD5U-hUThNykXEz3zw,qiaqia,475,239,214,True,False,True,False
GRANDMASTER,cmHH49O6Pj2ilxHbZnbVsgiHm25ayPS6zOduCZ7K-8IFv90,크리쳐fan,341,215,218,False,False,False,True
GRANDMASTER,VlQ3hPgffAYLt7BT4lbVdr_vEGwFrkxTNiTDDlVIedNG21E,잼 비,239,144,132,False,False,True,True
GRANDMASTER,Iy33nKmbFNtc1ki9OX2LBY5gQf1V6clolB6bQC3eLjKZLm4,몽강당,238,237,217,False,False,True,False
GRANDMASTER,XEB07Rkyih2aNmbmpsZMAblRrLTvaoJOhnt_U3-YQfvb3LY,Crawl forward,227,76,52,False,False,True,False
GRANDMASTER,fmlXaNBvx13W_dpm-pHd6bpgPXQhhiG1ZgZI3eeKYGvuw-U,Go Away,330,299,269,False,False,False,False
GRANDMASTER,ss__iKZNj3_LPgNlrI3RwNq2P3Tn7eMQlGEjN6NgD2HVjVs,멘탈잡자으쌰으쌰,340,473,494,False,False,True,False
GRANDMASTER,KyF7lxiq4XJjhRlsajXnXvWX_c1ajWHaxqP1Od8H8GVKSVk,FWliuhao,349,417,444,False,False,True,False
GRANDMASTER,inOphpBSAKASapBKkDFYM44YrPioL-ibA95RFtR0AJ9s6yE,오리지널찰떡쿠키,482,63,46,False,False,False,True
GRANDMASTER,8lQtpeat4HWXW-eFgqds8wi4NzVcpWzP7RVgFk-U7n0DATs,Blank,371,91,74,False,False,False,False
GRANDMASTER,7BrelDzExdq5tq0BXSXZmrOJoOsL7pNGp7Is7p200wCm1wg,멀리멀리날아라,242,67,33,False,False,True,False
GRANDMASTER,Q27vuQWRw82Wmu9epTHVjRStYkJbq7_2QYDFnEBmLeePOYw,qwerdftyuggg,387,363,315,True,False,False,False
GRANDMASTER,pW-B1hIbMayuvpU6uXzQWIlQpElrkzKblq1Y7NWcKG4WhXw,중고 핑와 삽니다,274,157,89,False,False,False,False
GRANDMASTER,6FMmanu6glctJ1C-pwwMat48h3LBRkzsf8rB2RyThh95yOo,Uehara Ahri,291,193,181,True,False,False,False
GRANDMASTER,OK1ECin61zJ6-sO9t6-izWmsowUCttL_uSlBzNTAQg7aVDc,INVADED,502,313,282,False,False,True,False
GRANDMASTER,7WyddQUI_47J9LcsZCViKRVUZkhszMeJEXbe76G5xWf7Ndk,Aseer,325,342,326,False,False,False,False
GRANDMASTER,jzDh7Zqv9Q-JHrD6eKF1jrjQKR6SpdezxdAkMObd9MtNL-A,FA DoRun,448,192,152,False,False,False,False
GRANDMASTER,8dQdtDg6seQ4ANr-tjY47ZUQIkWhaLoasOP7wy3xF-e1YzQ,a93cbd98gy1gcign,488,480,447,True,False,False,False
GRANDMASTER,wnls8ZxGNMh5Ij9g5qZsMTTeZMRzBbPNSXkfO9YcRlCxug,이보검,502,204,147,False,False,False,False
GRANDMASTER,HTtZSdlFPwsM48fKdxD6ooGxbHASv61WCOyFciQOxQaA_8k,Excuse,262,263,249,False,False,False,False
GRANDMASTER,Gifl38tGWpOmbHHxZhIQ23JX5o3canziIbDWa2_jfWobq4Q,그땐 그저 좋았다,237,124,104,True,False,False,False
GRANDMASTER,NAItYFeDYfDsd_UpYjQ4S5pd4MkrPsKzNGKCyZmJjVgxY6Y,tyi,212,139,118,True,False,False,True
GRANDMASTER,8GT7UHtvWUv9l2ztZGn4LtyuMMHRwsuPOTgq5uN5GzmiolE,제버지,204,155,133,False,False,False,False
GRANDMASTER,oQoqWZ2FJ5SQLC1ujlGtFaDhs5w1OtIl5USXXfRiiuq8aw,saebyeok,271,116,107,True,False,False,False
GRANDMASTER,VI_Bktezy2GUhEvo106Svt-tJP_5Pf12EvKgA-qUY51DKXY,ggggffff,501,137,121,False,False,True,False
GRANDMASTER,Wz6fhbYumHPzMp4mEO8bUqJtmWVtgU6AfT-mP_gkOmAKqg,급하게하지마세요,271,36,20,False,False,True,True
GRANDMASTER,EbvAGzxNSW864PvalfEHtPZBGNX6nEZkJGOtqSwr4246Umc,i want to Alive,354,314,278,False,False,False,False
GRANDMASTER,bzW5i-o6R80ol6AlWH_ngeDn4q2mk4TTMM55H-vRC1psVT0,zhong men dui ju,509,225,188,False,False,True,False
GRANDMASTER,2CUKXT7a9Mg2yvxeKmoj_izlKVjW1dxirvi7snghcjtrq_E,FA BUGI,407,123,110,False,False,True,False
GRANDMASTER,SAglQDdc9iGIggQHS9YFgHxexxh7LrgagkFwyDQ1sa0Kxss,용호냐,560,135,62,False,False,True,False
GRANDMASTER,-vDWjqGmSLcns5G4bbWB5-XQKKU0BMDWW3enH3HCfe6o-i0,Glassy sky1,397,184,159,False,False,False,False
GRANDMASTER,l6_S3lwMEWE_X0uB3NwktKgBr9KPl196N2N_k679-jo1bn0,외로움자1,337,213,136,False,False,True,False
GRANDMASTER,cEPPL7g8RlFkuJ9L33RBJqeGfopoB-nsttiezkGRNq-81WE,곰바위게,266,56,26,False,False,True,True
GRANDMASTER,uZ_dWnOfOUQFM1l8J8NvkVMzxRtJAxWLHFRpVX5JgEjWj3k,ap4369,332,139,100,True,False,False,False
GRANDMASTER,uQTNARPqA6nBVvGgqXmoPlMnNox8Vlbx6_tZpecx8Q-unVw,고개를 들어 ,242,136,112,False,False,False,False
GRANDMASTER,CLCZkf_zjPDOh83FMXXFSdIX_g_vXu6bgsKD31qy-sHlf_I,szygszn,606,376,349,False,False,True,False
GRANDMASTER,DrvEwIZMjhOrLOqXc5hkEBsDckWlHaO6lKjMQsEkjrz2w38,끄으러쉬,201,128,151,False,False,True,False
GRANDMASTER,oD71_KvxPqGLTXXvl-WvFYXdUS1Zl7KMiwyoWzpXb8_zlqU,정신나갈거같애,521,231,202,False,False,True,False
GRANDMASTER,MwMAGe7ndfKp0nY9taji8LsnabHHzV3wdCNGDVvKxairYGA,넌확실히강해졌다,295,112,92,True,False,False,False
GRANDMASTER,1FNHDQtSY6xavNEJcbtIAB5WZxrTox83dEN9Ws2skF-aC6Q,이도류,581,259,240,False,False,True,True
GRANDMASTER,b6vefaWV9N4qbZkTITQdCh8KaxX4XVWSkWg-OGWcus_kTAM,멍멍뭉뭉미,213,219,213,False,False,True,False
GRANDMASTER,12nh0DiS7bKcKE23O4pCAZJDMp0Kfeo4woZkEJ5hJQa8qnU,핑크와드 많이,309,267,235,True,False,False,False
GRANDMASTER,GUNtjeodR5ZFENEstK5mFTUnOgsH-KQ2UDPp1D1Ytog746g,By 불비,422,252,234,False,False,False,False
GRANDMASTER,P1EwDwHaBkk6EY_z--3oxRSyp-p7uv5qyTSMFI1ydDZs4RI,GALA1,294,108,98,False,False,True,False
GRANDMASTER,C0jS2F6xfXZlvz6s3cD5X2RpDsjLjMXpnQrDeES5fpvyHA,123465123,207,229,174,False,False,False,False
GRANDMASTER,aMRsBKoi2wRDz0SBgztvtiY_urDc9zGtb3a5sm_-Gjs9NQ,성훈킬,310,206,185,False,False,False,False
GRANDMASTER,CySBCl-Vr4rJdrX_Wh2M4eDkepjrDqMQ1J2Iblia95ZbmNs,역시폭근,424,106,63,False,False,False,False
GRANDMASTER,hEL92su8_fGkappfZSDHScYqSAaPLM2qWjecgSNaH8vnBl8,LPLLPLLPL,234,182,149,True,False,False,False
GRANDMASTER,bh7PP-8ov_fHmlGZJGjk2NVeX8m6FSb-gql8WBM6-CXh7RQ,앙 김뭉치,240,246,223,False,False,False,False
GRANDMASTER,KoQR8LASupuiufWPU0TmRcgEPsTitgviG4tAmTgQYpdBFbo,5Kid 5Kid,288,227,205,True,False,False,False
GRANDMASTER,9Ub2bFIAHIRd7IiZWmuEkNsiU1ujBNtxmoQceaO8JCX_BKc,컨디션이곧실력,437,395,407,False,False,True,False
GRANDMASTER,hbRFpLIWkT5JRocBKLde07Vkberof_Hw6xb2AEM-yZwjgtQ,백색말처럼,341,299,285,False,False,True,True
GRANDMASTER,agRC7obHubeTXkvP3c9dAwL7LcNJKdnUplVpLzgzYl26fQ,SANDBOX KingKong,550,223,188,False,False,False,False
GRANDMASTER,T-JZo32j-yJXNqkiPV3W2QxN691NL71_MX08CKzFuKSiIGc,T1 supernova,172,499,488,False,False,True,False
GRANDMASTER,eoa6l68r4gZq62D988psu6Ad4cKE9LtWIhN5gteE_MSFGkg,Undone,505,120,96,False,False,True,False
GRANDMASTER,VLQIlQ33i_UN7ZPFLlSeyXPKqP6quAe0FjtZEo9ZAafo4B8,김데데드리프트,272,118,111,True,False,False,False
GRANDMASTER,2XsObAXIOMsGBrUMZZ_9We7HRWtgAERnhKy_KC4aRDZldmU,zhen de lan ,432,246,215,False,False,True,False
GRANDMASTER,37i4a2e0Uhg4b3MzwDWIAruExVfs5JR1nj7IbQ2IZJvrYPo,AF 으아아앙,336,369,353,True,False,False,False
GRANDMASTER,NyJx2B5w3COPWcvME-6gzjkOCPu-tphoikxY3cZ2P0JKwDg,tlqkfdnjselfckdl,312,196,124,False,False,False,False
GRANDMASTER,YXdrSlz0VabHZh00XERWz0HB5hIoPYBgPZrPbTlQ8KrgmgY,BRION Wizer,366,102,89,True,False,False,False
GRANDMASTER,5_kxtxsE4elUZbkddZhb4EV-u4Xg6cCBYGCl6JqW4R9oRw,전두엽제거탑솔러,164,172,152,True,False,False,False
GRANDMASTER,B4qHGXAuXYqu1Ug-uJ2Dhvyt5MZDLcAEOSkpG88_Ykp02Yw,내 플레이에 집중,218,241,221,False,False,False,False
GRANDMASTER,jwqK12ZL5cfnHbsHsR5pnE5krGob8AP7meJSPX2Yn3EI7KY,Wyvern,434,255,245,False,False,False,False
GRANDMASTER,24VXYQLYZRhyfYBvbO3GpbeTgPwMQyvRcsadMkTjCDBBZrY,ping siba,420,368,347,False,False,False,False
GRANDMASTER,6VPS1LQdkV1eqSG25spbL1O5dBsPC8Vlr9Y84DzAbrUieQ,새하얀 thigh,278,187,159,False,False,False,False
GRANDMASTER,GMsPp2igaaporJQBdw7gxxqzPINBywDc8Uda7I8L_KMpD-w,zhendiao,197,121,106,False,False,False,False
GRANDMASTER,PbfZGbsSiaohLcKekG-Kc94iCr5WxiGql3XLWaMzxiYv0fY,Eerry,425,251,218,False,False,False,False
GRANDMASTER,BHS2Z4iEAieqsyvE84Di8i_6ANkFB9RRo8xOYLdYVlKEUdw,3레벨 바텀다이브,286,228,210,False,False,False,False
GRANDMASTER,9NtzTbRcUbt9GIhogkDft-PepB_L_Mq9M8UaUHX9FPYjBjE,Shadow2003,351,139,152,False,False,False,False
GRANDMASTER,yrLfo4r0ZUV0F7bAyZ4CTkjVvtiD_023KVuPmCt5o-KBF34,ZVT,292,132,132,False,False,False,False
GRANDMASTER,H1I4A7-L77l5Avc3IY1_QI5y-GDDslIVdvADCJA-yOf_Yw,DRX bubbling,406,221,201,False,False,False,False
GRANDMASTER,JP2LF9Wu31gJP2J2AYmRNE8S8wh4OVKgh0Yemr2GddVR50M,MCX Bruce,449,294,269,False,False,False,False
GRANDMASTER,EfZVxlQpMK4OmCGHN_upZS-1Lg3Q-XIjsKa-1BDA_oP9kg,땀비몬,294,213,208,False,False,False,False
GRANDMASTER,HgELQLehA4sCakyeyvjXbHr_e0a929BU3GI9q_2ye033FnA,CCRGB,408,114,111,True,False,False,False
GRANDMASTER,kub-P2jeyQLBPO7eGtNH9KvSST_7FB_eRwYezco2-Jv78F0,kuangxiaoma,405,140,116,True,False,False,False
GRANDMASTER,s4Zp9xzA7lhRFOvkSXKedSRj1QDgL8xGshERl_iAW7kF3Kc,AuSong,492,257,179,False,False,True,False
GRANDMASTER,DvIAQDdy_ftP-_AvEojVjOrlP3ds09AMOAzlgWLrIWEK2Tw,Gen G Ophelia,555,436,412,False,False,True,True
GRANDMASTER,k8-paWw4oRe4zpGSbyYDKaFj1yf-aqt4znun-kU6WE31KxQ,정훈이는 못말려,381,92,94,False,False,False,False
GRANDMASTER,AJKhsK3F0K5BQqM5mZEFzQRX_ev9QOZoxruXJ8NkiDNo7ts,Destiny YouTube,344,206,192,True,False,False,False
GRANDMASTER,5j5fnQ1oiApY2x78tOXxuaxwZimM4jvpQLnJIsh_BDggxdc,힐 써서 막타 침,229,516,530,False,False,True,False
GRANDMASTER,mqOUXtDOkR7k4rqvaRt5Dq_q-CLxCpOn_wG0udKg4Nqsoy8,HeyGirl GG,358,408,382,True,False,False,False
GRANDMASTER,xN2rneuL2Uh6d3WPXGzADlJxTtJj5oKuhOeyETyYy6xyyDY,cute heart,395,80,62,False,False,False,False
GRANDMASTER,tNzOOTpR-dCC-f5e2hAlk1_4VvjH0vubscyFqqrjevKZXRQ,DGA Dalia,575,223,189,False,False,False,False
GRANDMASTER,-oIH7JQdBsnJ7GG6hpcsZ6jZk5Tnv-cRzUIUR5dAo7FFiA,GoongTube,143,308,297,False,False,True,False
GRANDMASTER,822p0Nw75JzVg3Pilgo-A4tcoUdHQ_TXaniZc_TOh90cYvY,Elixnagnip,238,141,122,True,False,False,False
GRANDMASTER,IymxGfkPghP3_wuLLE0WJ6jKmXZXkPVUfxvYd2QWsdvYodQ,투니버스리즈시절,219,207,203,False,False,False,False
GRANDMASTER,WG-MVa6Y9uvm20eOcCKaUV63wss_YBSujI7hZYmW22gNDRQ,Kumiko Oumae,291,136,110,False,False,False,False
GRANDMASTER,Y_lto_j9qvZ8wsM4yHm3bvUcvPKydS79GzMRyvuEThO4HiY,AD Vertex,195,281,249,False,False,True,True
GRANDMASTER,Il5xuQzI_JsUJLRD7lO1cNcshWoQMla2VQK1S6d6C8sCz5s,널저패겠다,261,90,81,False,False,False,False
GRANDMASTER,LuHDRo8-IbmRgIiijOxymEP9XV34W86o0HJWQFbOG_cDOa0,Gen G Smile,262,325,323,False,False,False,False
GRANDMASTER,6TSdZIvuOR7y-eEnjdkvoSfZmATtq1ha66mt_rk-72K6xC0,DFM Evi,347,189,169,True,False,False,False
GRANDMASTER,DkJ3X1zRlbnRsh08EMYGNmwYg2rQxXdn9DCb1_DU--8JBJc,하미과,185,166,154,False,False,True,False
GRANDMASTER,WgA4K2YOxxW0o6PFQj0w-9DeEBX82IJcsh-wyb0glA4J4w,게르세르끼,465,157,116,True,False,False,False
GRANDMASTER,CpxbxWhJYSEXuoNQMg5ubjspMHN2U5Ppm-GsBgYgbxwPMoU,코 태,522,89,104,False,False,False,False
GRANDMASTER,tepmabKSpgkKChvUIzzgkqE4nzXNL0oILEoGzLEA7E4y1VI,mangseorijima,366,226,144,False,False,True,True
GRANDMASTER,GfRx5xTcd_AEs3rHJbgkiQZ6nHdZ6Mr-fVOiOU9Az_msyCU,2020 1월 27일,265,117,97,True,False,False,False
GRANDMASTER,Fj4IMZOc8eT5_aDFuzEfFUyaM0kp512-S8t3jgaAZZEErQ,멘탈좋은트라이,349,459,435,False,False,True,True
GRANDMASTER,jN-NumHbRsQmhGJPxyqQBquxQMlBi7aOqndFcbPC5M7RdkI,Dictator3,401,110,90,False,False,False,False
GRANDMASTER,MLJqaZeE7rbmHIvljSPEnPJPktacG1Dl7dY7PjopjJsShvw,MeokMul,276,181,160,False,False,False,False
GRANDMASTER,VCLmo2Qjoqm5AGLBHzl-qRvMbD_G5w1Z-OLqgjd6FiKxEBg,7777k,468,325,290,False,False,True,False
GRANDMASTER,1n8beS_cu7aYsHIwLZWeDxE9z52YoDhhTSXnFUEFE_1coGM,gIhf,388,141,125,False,False,False,False
GRANDMASTER,I3djyBqZtfPscvGou1R4Yt_AaQvexADy_kWlw2QpICa6Sqc,T1 Wooje,570,308,304,False,False,True,False
GRANDMASTER,EScpikIjKdtw9ShNbgppQrYwC51ccirsp2cyxYtHbcJxo7Q,Gen G nyx,423,458,449,False,False,False,False
GRANDMASTER,O9rKnsCg-5BkPurDIA5c1G8J1Wigp1IAQO-q63M0q17m5gc,햄이너무조아,242,115,85,False,False,True,True
GRANDMASTER,Ry8GAMBaKSKKBfcp0K3VfdridSAnS3IQr1bihq_NHujCCKE,ELaB BAekHO,396,251,227,False,False,False,False
GRANDMASTER,cLF5PY_EZf3dUdzdu_KRL4bf4MUfB5kAdbFcB8uLpfSx7TM,pupurourou,285,179,156,True,False,False,False
GRANDMASTER,raaXQskaun8TNKp1HgKPpWdbgplldbAZ76GwWcPypLLZHM8,함 알,547,359,327,True,False,False,False
GRANDMASTER,RtizPgikuiFVGhWRTrJZkXY8yFrhGZchzVEBf7xpGJj-ol4,서폿 is DOGU,357,70,44,False,False,False,False
GRANDMASTER,zUd4QU78MxTxrLk0VQXKH1_HcAkEliJwlj7JBYTFjTI-xyM,Popeye c,220,201,187,True,False,False,False
GRANDMASTER,6vmiReuzoYxDY71HKNwag3s5spq9JALewI0WEGe5bORwCLw,치 디,395,131,66,True,False,False,False
GRANDMASTER,Tm8J357YvC5b6-ThCjyz7ghcBkiarpMZCBlJV7b9dgBOdT0,상하휴상하휴상,287,241,205,False,False,True,True
GRANDMASTER,fgz6ujNJTPPKrebkzDeqRrnUlMXBNzB5sXrdbWnco2k1rR0,lIlI11lIlIIII1ll,266,169,139,False,False,True,False
GRANDMASTER,3Wn1mx-gzqIezT1If4QoS1fdxYrzUOE83HpiLj7D-Q4bKSY,플레이어남탓중,291,194,170,False,False,False,False
GRANDMASTER,I_g31iF-1saOMjh5wBSkHlPEEEX2AeypLtEwiSIYyTjhQSk,sup격차,374,134,120,True,False,False,False
GRANDMASTER,jb_l9ZTTiB8TlYJNbd9bgQpTK2W7S_A3nGzEEHBMiAQtDlk,mafeifei,208,243,185,False,False,False,False
GRANDMASTER,KOy9KaD-9T5aQoo-OYsWBr42A0HrLNLa0sOAx4dFk0hQhlE,쓰레기중국,328,74,52,False,False,False,False
GRANDMASTER,mPuPFZU1VjmEJFx_2GQHc6bo0Oq7JZBx6sxvrKTqiE7eq0Y,Howling Bigshow,266,327,319,False,False,False,False
GRANDMASTER,Y-sLKwxcYOYx8eg8v5CzUAvewWbUtqITpV1TLXeMDtJ-GkQ,KT Ray,457,440,434,False,False,True,False
GRANDMASTER,gy9CJqaIxtW_J8h5wcQpqpuLzFBdObLXRdI5UDZnoIQeDQ4,ADaaDDaaDD,310,108,78,False,False,False,False
GRANDMASTER,dGe7Lk9rGnc0usJLCIRUrhi4VzZDhw9dfGJ2YHjN0tjrfQ,커피물조절장인,310,256,236,True,False,False,False
GRANDMASTER,2CZo_uJKR5Y4--kzVb_fDxo9w3XVzxUgX-g65Qi9Ptw1eBs,Anonymous1,229,90,71,False,False,False,False
GRANDMASTER,s-aSE7Wkb01MervecB6RxJ97x9nS1g5rzr05Ix68LyhF2tM,Bei ji xing,217,215,205,False,False,True,False
GRANDMASTER,nki8ucQhBc3fj9TkNo-nVIdtoh52-Q1INDEhJ4YqEevf52A,엘 림,234,203,199,False,False,False,False
GRANDMASTER,8pnVSZzVSER6orJutsTYW0D7oHYiG-wlb1Q1RBAgOUVk3mA,돌아와 리정혁,339,423,384,False,False,False,False
GRANDMASTER,pzAa9F7jPUO4zt9yiCrUqozQ9p6ZbUsQqCzZ3s1uZw0JILo,2l3204284vu0 ,202,393,380,False,False,True,False
GRANDMASTER,wbNcMmoFl34onbxE5brvZOfIEDJgVaLZwAIJjS8s7lkZBQ,단밤 강새로이,211,368,350,False,False,True,False
GRANDMASTER,qJ9-AxTjX8lul7XuB_rd8Lwv2OvbkDEY5MkwajZU3n6qdlQ,내가사랑혜 선,340,119,50,False,False,False,True
GRANDMASTER,e6mq-XhzXAS1wmMju5MBfVbqgBU32vNPX_KtQ1UsOzhhrw,MAI WAY,464,115,87,False,False,False,True
GRANDMASTER,0KG_DDKEOVJah0681TEiNOVWD1ZSBxmCKFR74_aW0OsrtPU,뿡 형,272,314,301,True,False,False,False
GRANDMASTER,F-XgcqRBDDJDEAwmiDiTmPeXMvmdtUJgxMmNppwTwg3J0YI,zhuzhuboluo,425,265,247,True,False,False,True
GRANDMASTER,yvriyjdNZGgNnwxX7_uGa9nG-ffOKNcuG50hl1-b07f4IGY,rownjtrkxdmsrpa,479,152,124,False,False,False,True
GRANDMASTER,RiekI6XbgaNNgxigrgFKBLzAlpAWGxYIexwO4acHvig36w,천재견용호야,589,296,283,False,False,True,False
GRANDMASTER,ELt75_vs4dlYhtZdQk5prfwO8VGE3ljhvW-mTq-7tFi6ZhM,오뚜기3분미트볼,305,32,16,False,False,True,False
GRANDMASTER,h8UGflwol-e2A9Y_rat_WpWWWkvEVAo_Vb9bRpLGzbjS0wA,wyg,207,128,74,False,False,True,True
GRANDMASTER,1kEoy0dDdQlkcjfemuMYhSh1qcHJi8-w7G7Lr7DR2dxKaQI,BOKGU,348,147,119,False,False,False,True
GRANDMASTER,H5jAMvLkEw4cQOBftarlKwa0G1xPjtF252XdgjUyycwRTg,Awesome Ferris,442,166,136,False,False,False,True
GRANDMASTER,5a5SFnzgR3lgotK4Fmn7k6fgitFYos78p9EcoBFo1ynA1A,나쁜말하면차단,470,257,250,False,False,True,False
GRANDMASTER,iYkxak52T7_Mbp9aXrNlwMH2fHB4ZfV3R8Grn0xw8Ti1dpY,도녁갓,245,349,328,False,False,True,False
GRANDMASTER,vuIGxF5nc4Qpb-2xiVqWWbpXyeprtSfKy64PlTlTDYOXPg,압도적인,215,76,85,False,False,False,False
GRANDMASTER,TrJB1R3jumBeibvxEvRqIHKUrQ35JSUdomcpg6u06mrdaQI,jkjkkkk,392,416,421,True,False,False,False
GRANDMASTER,nGkdDZN4q6KthOysmsugnY4PRFJ-7pqnHkLk8xxe9cXci1g,Tlcc SnakeGirl,232,240,195,False,False,True,False
GRANDMASTER,yJ5iskeXpQNldLoq5mgvihaW1wkNd4fKgdIK6B0gEila0sA,영혼 막대기,577,349,319,False,False,True,False
GRANDMASTER,jPqiT_wht6JT9pYR0_leZLMxRT3TCYg1JkT9E0Mm_bBgLZo,assassin0,355,178,156,False,False,False,False
GRANDMASTER,fHBaVdnk3J7eAInZZOjFIcFp__WLO5T-jDuA947fOi5fYzQ,ESA Belief,221,192,154,False,False,True,True
GRANDMASTER,IjMIQU2mCei_H57YYH_bm2qzu264GdgWgdCZ0fj919vvYR0,SANDBOX Leo,487,68,54,False,False,False,False
GRANDMASTER,oJZKg1ncOBhl1h18Nmqfiz5-vGGtyblTxpNoloB_mxUDALc,ESsibasakiYa,212,110,91,False,False,False,False
GRANDMASTER,eRkotkMNZSb_JfNB4NpeY8LaQhVn7XZgOCBYuAzYHSb0cRE,빵속에 순우유,265,190,202,False,False,False,False
GRANDMASTER,OpxFEYEhyR_1PVpONc62FHdgZGEyDb0qCe3GD2m_LVeJnaI,ca1m down,324,312,291,False,False,True,False
GRANDMASTER,fJZ8bSW7aqeITtOphfg_IYxC9RDBRB4OPeYYTzX0dECD29o,Saber02,347,248,221,True,False,False,True
GRANDMASTER,xkq7sD1sEDLSGxRI8l5pOmrSC9UL-9fR4ix4GOx8Do9FNg,CCrazy,274,217,207,True,False,False,False
GRANDMASTER,yRL5-OZPAHqpHD_8iKQ17ounjs_O55_uiD-o_wrXoqsJV4c,Gen G RueL,436,381,361,False,False,False,True
GRANDMASTER,GIVCtceN2YIh3nKdVaKE0D0tMYRboRCYW4i2fZQ8qutaeZ8,like cz,451,105,74,False,False,False,False
GRANDMASTER,GcjB4oIs6Kh8hRjcYXQZemF9zJL2YHYb_3ElkJzqifuoGQ,모 모,426,73,77,False,False,False,False
GRANDMASTER,lrEFD03wk5m7_R9f6GTfl6CPjG_89v57s6xx4D3oc7OWXc8,Liuzhangli,407,109,79,False,False,True,False
GRANDMASTER,ZSOor4fjzvGGs-yfrdCquRupDFmHPz8FvcTVOLoXHSqdEPg,whisper snow,510,289,264,True,False,False,False
GRANDMASTER,eIPjQ3ETZR9jmAyU5jJ7-2k-hBYi8W02qf0iL6H3BU5eig,Swordart777,499,203,183,False,False,True,False
GRANDMASTER,W89bYaCTtPdhfT-KgMP1DHi1S-S1sCi3V0fCWZczibduF64,도녁맨,422,170,145,False,False,False,False
GRANDMASTER,znPRnpmFJ9RSY-xTF09_3loMV3zc7n19d5SkdGTZEQgD4Yw,생고등어,388,190,164,False,False,True,False
GRANDMASTER,9eN9Ev_eXlUaTWc-WigEA3eOSQGu7AjaCB4HDsMkEuqbPnQ,Pz ZZang,455,86,66,False,False,False,False
GRANDMASTER,grvzAwccQDSPOSTJ8BFHd5ZVulFU4-RdiIlcQhKD7YTE5X8,Mocha,243,247,235,False,False,False,False
GRANDMASTER,GJDWeOkpxMwcX3mZToblGkc30mxoGBXBhHsOO4XbifH7sa8,sakaIaka,433,92,54,False,False,False,False
GRANDMASTER,1SNjG6cX1Fl5HRpwYqDEl37A4wm00M0EaXwxDMe6pQWFAQ8,WE 77,529,174,154,False,False,True,False
GRANDMASTER,DzMJh11YRRmLzoZ_LqY8KcrtC_KQIxZSl7vVaui6QPmNeA,지헌7,202,131,111,False,False,False,False
GRANDMASTER,S6RlIWj4Chgn_gWxXBO9AilOnk7RJDB4KrQAVqThoqCiFJs,teamuoon,200,316,293,False,False,True,True
GRANDMASTER,i8W8P7iSCwOc-GDex2B53GDxHhYtfO_pQqORY9ZnYQm7dk8,AlphaGoTest004,339,135,55,False,False,False,True
GRANDMASTER,drlcCiNpYLzNgR87c4c9HG9UCH3_5bxdU_0z-Mn2StcYbrU,SRB Harp,504,228,208,False,False,True,False
GRANDMASTER,Y5LM9u911EB2nxCBSjoFNe8xqB5RaVE0NSSH7wQoLiGzENU,뽀허니,368,270,252,True,False,False,False
GRANDMASTER,IkfFknckoY59xmrgf2gtcHKM4CocjoeCX-j4c_PKs9OF30o,118승현희민지원,212,161,96,False,False,True,False
GRANDMASTER,wF8ekRc9inx-OPWOVzaVtMzQ8OZr3Kt30pP0LvQ3dn1EHg,목표는 트리마제,242,297,166,False,False,False,False
GRANDMASTER,9zUx_fpOn_eEoto-462zA3we42Kn7aUrQbh0qtZjQiKkaxY,노해로170에15,345,141,108,True,False,False,False
GRANDMASTER,9ZdMYGNGVEl3QEs9grQDa20--wZrki5DYrwdfn4CZt4AF1c,SRB Gonee,543,149,115,False,False,True,False
GRANDMASTER,xnuO3gRkBOAolx4JsbEmODOZQVaq46RQr03QtxVgSMhahA,JongSeop Eun,578,183,155,False,False,True,False
GRANDMASTER,Cl3TFYNnAhBeMqz5TAYRiehHl_sBoFI4epMwVBtl75ItmcY,acting dumb,613,107,85,False,False,True,True
GRANDMASTER,HkSrAyTHZJc3JYpcluOpfRS54xkagtDDgm1zE0Tj6wlSc0A,Youtube 쫌남TV,187,188,155,False,False,False,False
GRANDMASTER,K_tNB4O9GLhi1pF4ct9es0ZvrqOUWLaAJ9RLQ3m2VB0dpho,fabaju,468,283,258,False,False,True,False
GRANDMASTER,1K-e019YE3mpOrMShAALZ6gSXZFBuDEYCPUSyUJXuL7ZgOQ,1ackairay,337,116,90,False,False,True,True
GRANDMASTER,_NUAY1grhCKWKh5mJdPSB-Ms4JUwR2yarDAIoFj7poMUNGA,마이티베어,437,137,79,False,False,True,False
GRANDMASTER,Wc644R7PPr_sAJvR8rDs04eKnxpCFAuzK_nt7JAnkAi9Krg,롤잘하고싶어요12,254,148,137,False,False,True,False
GRANDMASTER,7vmyDCCrRc2r7JGLGkJkcRH-srktMnCpddjjIkxoQrJcKQ,GimGoon,320,282,253,False,False,True,False
GRANDMASTER,tAmqjYFkAjO3WcTDUbAYGlfXjvdefHq2PiOoWkX6p52g67I,tiancaipaidaxing,164,287,272,False,False,True,False
GRANDMASTER,ZbvaVtz0qw8dxZANwPBbvbaBmbPtMxRtTfaTkX1rAmy0NA,D1 이현,328,259,277,False,False,True,False
GRANDMASTER,os6cBH6okNyMpvJURyYlk9AXNtuIb104nuxhA0UcCrB6Hg,ZhanQiSuSuSu2,212,311,272,False,False,True,True
GRANDMASTER,NltI67awDRoR_9RcX66v98tpSCe2FRPY6FfR6jeUsPtvS1Q,나라카일,226,330,314,False,False,False,False
GRANDMASTER,axEfZgqKh65Cc0H5_C4kqI133Dgu6bndq2R90f72qpK3ULY,sky never sneer,212,565,563,False,False,True,False
GRANDMASTER,rG-HPGuAcic8uDWXf81xqtsXB4QmEdvNccY7stVLSgSFkg,병권좌,441,113,117,False,False,False,False
GRANDMASTER,MYUWPzDC06KSjY5PnziXuJcD9W5dqk9kSypxSnjmcA3Q8D8,Lab C,317,136,110,False,False,False,False
GRANDMASTER,9-6MMiegrEDua1WHG1EKpCi3gkMr05RkYHIrj2p3qNwa7o8,Unisia,198,317,297,False,False,True,False
GRANDMASTER,iHgK1G3vcV2p6gptzwFqyupnYKm7HoCXSZjjgZOYSj2uxg,팍에리,607,267,229,False,False,True,False
GRANDMASTER,812PcI0RThbm6QGwZYH7w6YN3_WM8M9qn24eaX-hRawsSr4,nanjing haksaI,470,303,269,False,False,False,False
GRANDMASTER,qGMaYN-z5YJcKdco5bCgCV8K7VW9H1ANeOkRpYQ0JPuSfcU,last year01,407,366,351,False,False,False,True
GRANDMASTER,bUsGVBaSiWtFnLZ_LsBWOEtzYqJwfrYt5cY7sE14EinXs6A,exist1,316,219,208,False,False,True,False
GRANDMASTER,patKOpSWi2ZWKbojJ-GaWzk8Nv6IYq8RsSa5OrtOig3vw_Q,19살무직백수,303,338,260,False,False,False,False
GRANDMASTER,1887Mlav-G8sh7RzaIDdm2Hy5E-HOT9oDrtUxSQK4ZH-3v0,나는 졸린다,401,209,189,True,False,False,False
GRANDMASTER,aRJ7zIlVvwUEVuWtjE4viNzOq-nkn1lc959QQWYtB-ObWPA,FaZe broky,470,290,273,False,False,False,True
GRANDMASTER,XTxFGNFDGqOAd7a0I4KbFmHNoUT5ULEP91gNjUWEQtgOmz4,뚠뚠스타일,288,185,177,False,False,False,False
GRANDMASTER,jm-D7IWrT-rsJCO5LvCc0qeULlQuC7E0kHxDJ6CUVqU6Nw,Red Li W,310,391,386,False,False,False,False
GRANDMASTER,UyNRlFWBs-uBvB1g_isd-M5p5KoRsqhfXwSa7CixDxpkqcw,li zi wei,376,239,210,False,False,True,False
GRANDMASTER,NLHRTEssEjT0z5lAritUj-KUHQ27CMRgrAt8Ba07fRzoc4E,제주고 김승석,517,172,137,False,False,True,False
GRANDMASTER,V0wqiDRI278FVizujLO8QZ0ddu-CyVZYih6AKQUwcxgA0A,EggPlantEgg ,434,392,367,False,False,True,False
GRANDMASTER,14ztYVSbzjhSYouqWYla6bnH3Gc3NHO8NTjv1HE17szXiMM,zhonguoren,597,155,132,False,False,True,False
GRANDMASTER,5Sg_RORvA_YCJiRaV6lXtHv5g04BA8e7IV4Qw66IwkmH5vQ,골프장동영상,360,79,57,False,False,False,False
GRANDMASTER,rWKqAEYS7nL_dZi5VjWyxsiVoetCgig1Tw9jchiumboMZ4A,CQPO,335,466,448,False,False,False,True
GRANDMASTER,Bc4ZZihcy10KzWOChXO6IqumeqhdmpJLvlAeZ1ggD20Se2I,SANDBOX JoKer,503,190,162,False,False,True,False
GRANDMASTER,DJll005FuoKdk7wN4jcXcKkW0VwIvagZfOKtdGOsZtCxirQ,Goldguns,238,269,249,True,False,False,False
GRANDMASTER,m1gRw7uFiMiHYGb85q0glBTMDebmM1bUhdF1u1QT-TCyMwY,yishannunuhao,347,187,167,False,False,True,True
GRANDMASTER,nynPb3VSEdWvmppJtBpWbcednyuIyBNPUU7JGxPIraiZPsA,돌거북이힘을숨김,203,185,155,False,False,True,False
GRANDMASTER,oWU_pXsEDDbxX_77B5VLMeLQ3iP6zfKjHB3bU_2VtAykqlE,19 Again July77,244,254,237,False,False,True,False
GRANDMASTER,HmivN_8LD5rC7j9udeym-GQqd-GXRsFAP7rV6OvbcAxYTNc,사신몬,281,104,53,False,False,False,False
GRANDMASTER,O_-VUkbmGZp3stQlwdZNlT-sSGGVXSi9npwWBUYWXahxpF4,xin dong yao ni,379,183,167,False,False,False,False
GRANDMASTER,iL9uLJob8mKQ4Q6xmFpHxwN9s3SjpHVq6gfW3Lug1QyEKdo,1874,446,227,191,False,False,True,False
GRANDMASTER,VwZyzKMg-0XWdiI-9Q_yhZmnwawxWo5pUlbHNpwf-TUrDBk,whyb babo,425,265,240,True,False,False,True
GRANDMASTER,XBdey4YMqEZFa9T3VexF5N2YL7s4k4jn6Pyva14rbPiiQro,sakalaka,603,61,22,False,False,True,True
GRANDMASTER,XL9n6SKzc2Ufq0jPkA9U2leLAYVU3ZQFsR6qzcPefqKHC_Y,미드캡짱지원12,234,219,220,False,False,False,False
GRANDMASTER,E_nWT8EyOhfKNoG2mGSD9Y_TSU63d8RqxJOj5jyvnuzbVCg,지솔직fan,417,269,187,False,False,True,False
GRANDMASTER,vdfjqDU_MSVmwh6CCV6BLjStkK6tqUJNHXQy8oZjjvd-tgg,은 택,274,361,347,False,False,False,True
GRANDMASTER,WWtMO5Pr-g-r09lu9KUzfOGPRNGDPcWQaaExW6KJNNZCFcA,삼구포차쭈꾸미,255,167,149,True,False,False,False
GRANDMASTER,9C9159KrCfsYjdWw9P9TbNTleGfsMcFK3qvpNn9_Yk_J8l0,MyMagicBurnYou,502,254,232,False,False,False,False
GRANDMASTER,f119NA2kbhgr6qUyZ47NNUV-7ycB5O1RUpHbovENe22Q8Zk,내가 뭘 하는건지,569,318,309,False,False,True,False
GRANDMASTER,k-EDTKgOsJxEzYqj29ILds6doOgFiH38HCyG_XIaT_wiGVM,엄마찾아드립니다,318,83,28,False,False,False,False
GRANDMASTER,hOrE9UwNzqZqR48GatPV2cNsPUp0v1mFpqZgXgzi__9W9r0,2017즐거웠어요,557,137,104,False,False,True,False
GRANDMASTER,536137J8bkjy5dRR3i-jHGrrI-xWm89Jw0bE7hcPpEfKkes,트위치 아라드,480,134,100,False,False,True,False
GRANDMASTER,QHH5yiDQm-WwPvCs8GN2ixBBPQkPNCOaNFjhuXOSHk-MKVU,19살 이범석,496,262,219,False,False,False,False
GRANDMASTER,QZRY7kc5Q_HzH36EwAwbao1rsHdZ4vVtO-hE5mgzGLvaP_U,dangyadangyadang,202,289,283,True,False,False,False
GRANDMASTER,_vY6AYE4D1nylakKxX0hvonFQvAlkNVt00CKVrEbwH7PJA,저 트,279,243,214,False,False,False,False
GRANDMASTER,vvD0uB67-tF06mpg1czSb2YQYFLOZ64WoTOm64uYrZwyGY0,Dream man,393,325,303,True,False,False,True
GRANDMASTER,8Yks-cpnQOCm5_qgxpmSQiiEgpcdkkR0kQQESk5i4qRUBIE, 황 시한,341,233,204,False,False,True,False
GRANDMASTER,9pLhXEEioLOXKsuC3Oxf12laLGHdL3Wh5tmEANqhWKNdYdo,화내 지 마1,472,279,246,False,False,False,False
GRANDMASTER,rJbDBUlXqFfSlTopceXBzTxIK2PxxesxRhx9a1vnhTMkmNM,qwerdf15ggff,244,269,186,True,False,False,False
GRANDMASTER,tUqKTvKR2gZRTiDyCrsWYBtvLus1j6ibaqywK5iFz8rEoFE,쪼꼬맹이 미유,445,134,93,False,False,False,False
GRANDMASTER,O6SHddY2t4xAIF3iPyCWFaApzwyE3J6iPsbEIydL_E_tQgc,마이티배어,489,122,88,False,False,False,False
GRANDMASTER,xspYtxtoYz6hY_w5ZNJZgKAlaBn-Y_gcryqYAj7RBw7ikiY,코코볼쩝쩝,398,211,196,False,False,True,False
GRANDMASTER,kjpxiZU68gfGxlEtqN5FnJ1Qyy_ZJ6lIaacpaZfRuyVEDvE,yanghesu,497,147,123,False,False,False,False
GRANDMASTER,8PRes4bzPeOunX1HDDJw64Xb4-Aitbztxf-PcpiQtTr0Qi8,여죽남포,232,141,125,False,False,False,False
GRANDMASTER,LE7eyio4FoEH9RGzPruFARi6bUxn1c4J_Jb4k71gvMrIzg,BJ갈배,449,435,417,False,False,False,False
GRANDMASTER,HfrpVZC7TYiAqkEq6wgt6k05KRbyna0KgRwbSt93qc7Q0Q,Lasfera,115,294,276,False,False,True,False
GRANDMASTER,9qUpEZIiHgzlyo767FF1RS2xiKmyoBitSqOEt-BhYy2u5_8,진라면은 순한맛4,369,257,235,False,False,False,False
GRANDMASTER,vN1CesbWPQM7PmlPv7z2kcJRzUdfb0erH_G5AmpjvjiOcA,tinychild,304,203,173,False,False,True,False
GRANDMASTER,Ty98kKQKil3V-Yxw4u-awXXOxiCjNOUeGl1v5pc-ZckJ7xo,8fenzhong5ji,547,142,109,False,False,True,False
GRANDMASTER,-2zivu0g34Y9KCfG7xBWaNkGLYbejewaH4JTZHfHX-AEQfg,나는 고기다,523,134,114,False,False,False,False
GRANDMASTER,gv11ClUhnbdLNJKDlAXHxn3yoJ6bikTvP-QHoFm7s8Dkp68,아름다운 거품,234,182,159,True,False,False,False
GRANDMASTER,-P5IKpTeuQW3f6nk3_OSDbz6QnMXPg9BQ75FKeA6JOXkWek,진심핑빼고노챗,234,329,304,False,False,False,True
GRANDMASTER,kvjT551C65IV57woD8kUZIrjug3fxjBYyravaOoEYALDlEQ,귀여운 현우,291,63,40,False,False,False,True
GRANDMASTER,WT8yPLvoBftb_Vu4b9VgfsdtIDLm_EPNksMvvpqyaCGGxTo,X1LANX1LANX1LAN,510,229,202,True,False,False,False
GRANDMASTER,8GILxodsY_b_Qdd8bwxXnrNIrTfg8sDmP7g6anOnxVotWD0,Xxing9,415,292,202,False,False,True,False
GRANDMASTER,122JXoqf9ZNtMsimWaDw9FvLnbmVn-2QghUgpLgF61NeFw,대못 사부,335,174,156,True,False,False,False
GRANDMASTER,oTqgQgntm8QzI2z6rRICDli0XHg_JOFE046yKGywgA4oH4o,Gen G shanvnei,343,269,252,False,False,True,False
GRANDMASTER,i-sg-FdqzRWZJfT9BensSQRzjUff7I6n8cCA0vQu7ksuhsY,wu ren zhi dao,223,261,251,False,False,True,False
GRANDMASTER,7BdOleQxj9_qnAfhC-SilRJI3JHiilXbpui9zXM7vK_-NUw,전혀 희망 없어요,110,334,364,True,False,False,False
GRANDMASTER,0e_2eJuU4_mNG1WBC8BoYzeqe7uhJaPwz5zWCjSZupg4nIQ,태기베어,269,116,108,False,False,True,False
GRANDMASTER,ZXqVMoFcDmA422Wbin-B7FB2d2senmmOYoHHJ72ZaMrt-UA,Gen G HaYoon,537,236,210,False,False,False,False
GRANDMASTER,kNK5Axb-BOV4r9DhvcTABQaKSnNB28IqAKpfi5cUkgiWcEE,NaruseSh1roha,377,241,220,True,False,False,False
GRANDMASTER,ngldfIfh_9pT4L92p2PNhcR3zyerueNjlUEq1ky_bB7XfA,FA Yoon,441,120,102,False,False,False,False
GRANDMASTER,BOxeYS13oXMFRnRg-Lh5TOjQpmx9iK6FZgMGQEE_CJzfzao,m1koto,261,98,85,True,False,False,False
GRANDMASTER,TiGRShywCuiRf7ak9gqhXE-3olCX2uP0d6s104hmt15pg_4,OZ Bluff,265,235,224,False,False,True,False
GRANDMASTER,V44IGlD_Rv5UpbNAk-evH3oiXQFK9shmdtAPj3oVG_oaxg,Lazy man,200,197,178,False,False,True,True
GRANDMASTER,3FHvVR_5oFiGImv0juT0t-dJWT9DbGLeloyakyEsdEmfwKI,OZ ian,400,192,170,True,False,False,True
GRANDMASTER,1trEZD1ZE62lbgSmcJ3A_YRmgHLN1exrMt9pxV9sNa9sqw,겨울지나봄이오듯,466,236,207,True,False,False,True
GRANDMASTER,wVYc1LEEbQ_nBKSqPayx7L5wpTlMbUNy_CwGUlFYjlO2Lw,전설의용사김한샘,326,138,120,False,False,True,False
GRANDMASTER,drG-UFNnFzSSc24PmI5AKWCz5U2WPGm1sAdGvLFhkrvvrw,상구놈,210,248,226,False,False,True,True
GRANDMASTER,uF8FLTvX9enLVPFm584f9lxTCnFZJpI90KxBoRTavWsmwNI,miut,204,234,169,False,False,True,False
GRANDMASTER,vczupzB6T60eaqqYQNliZVbw56X2_K-vDbO9_PLsgxySkt0,Mei yang yang,232,411,407,False,False,True,False
GRANDMASTER,uO-X3uxhDpEOQSy_WKVcpaFWLjAI-zGy5Z0VRu6KQqz1NO4,uskinoej,424,80,60,False,False,False,False
GRANDMASTER,WIJEPZOTUI9RLoxCWN_zl7Xl2aLkMakar7ls6Zr6POQRu3I,7k7kdd,349,301,271,False,False,True,False
GRANDMASTER,P6jiBqwIcng25J6rbP7uFLI-1EZ_RSPQhHnPIBK21T_uoxU,tuimaykhaugN,254,286,260,True,False,False,False
GRANDMASTER,ts9DK6T7liN9MGJV3m_ldK72YJoWt67cF4jGUSYqBnyPIfA,030608,214,457,435,False,False,False,False
GRANDMASTER,Chhou226vgbixrINiJPVhCh1201GBWRklOIGEfscz-HUguM, 집중집중집중,231,163,148,True,False,False,False
GRANDMASTER,RQlXgHITDkk5JqFhLbHMtpgkMHnFHYhDf0ZCsPYGdMG2lw,영원한 설리,236,94,81,False,False,True,False
GRANDMASTER,V4Ao1Mt43dklRDkGTFYMeCNO5DhSootqrLY2NISUP1ytfuM,Seafood탑,347,221,192,False,False,False,False
GRANDMASTER,TCuvZM_xWOtUaKrvdAwU_M5bi-kGyoA0ptzd5-afNaJ5RA,DODARl,313,124,88,False,False,False,True
GRANDMASTER,4LjXXj1MI-DJsRQ5yV6ZX3qikJ2jt9SNwBrhO21TBxBovbo,둥근해가떡섭니다,587,105,90,False,False,True,False
GRANDMASTER,M2pTPsT30lbNQrNs8EhxeDpo429l9e8V0YV0nD_dACYIBg,ChoGod,226,154,137,True,False,False,False
GRANDMASTER,zETRwgCguQikrV9RzaAmEWcolQcQ4F2H_OwR2ede73eo4Rg,Onikiri,202,401,370,False,False,True,False
GRANDMASTER,mmcUqG-jyoX2dWnc2h5vN_Bk-6FAJXR1IvzW75fX6o6NGQ,넥넷피한,400,79,53,False,False,False,False
GRANDMASTER,YNHZixM4LqKvNjowtOmiS--n9FS3jPIJfkSpEkFTbN5WGKE,qmn01,200,191,159,False,False,True,True
GRANDMASTER,aDFHzJYwpM4juZAweqJxeBJmkTlmMZNC6kEQTgTXQLBUkNY,과거의 꿈,279,266,260,True,False,False,False
GRANDMASTER,F4SZGQFeBH1S6KlpLBg--KyZBLUA8hPaPvCTnUqXVynbFnE,패치가가장강하다,213,440,434,False,False,True,False
GRANDMASTER,nveXIyoGL48UuHyAiw9XkRJGEaWyhwHshg9SPOKifvKk2tc,zxcrawqcx,280,134,119,True,False,False,True
GRANDMASTER,BxDE7lzp5CMTAjHEN43J0jxKjogCBZnWj1aEVxTuq1wW8Vc,Just Upgrade,451,173,199,False,False,False,True
GRANDMASTER,Tc4SwI4kYOD4wZt_547uW3ZLLad1-ONO8DZC7Y6P4xi74fQ,Lego77,372,167,185,False,False,False,False
GRANDMASTER,MxETmAoVIjk3f46jtez81zBb468DeHHmh5XJpWCdlNSVl7Q,Gen G Wize,487,447,435,True,False,False,False
GRANDMASTER,1cZvl_BrR3ZDTLIAfJQ-QdNxIhr9bWWDq8c2VkrAyzSK2w,득이님,268,110,82,False,False,False,False
GRANDMASTER,sJ8J-Nqg6jRlKVE_1oaor1lLxKGJWiHb00x5b2hq7vhISw,EMP Akanthus,270,415,392,False,False,False,False
GRANDMASTER,v4iUqIntiULXe0tdHooB2a1fGT5MHLogssPne5g-XirRCE4,나는 과일장사,238,233,207,False,False,True,False
GRANDMASTER,-s_uPp_VGPdxhd3frnWSJxu84ZbnIReWx1Pdpkq0OaKQKOk,XinMo2,263,185,155,False,False,False,False
GRANDMASTER,wMW7aztGd7XEcv1H_GhirUkL3TXEwuYKzOweR-t0gOfEKvA,wohennangu0,383,130,115,True,False,False,False
GRANDMASTER,J2C_fb3bfF_UQP7sPMTr2iCtw91cMmndff64n2aCMbs_yUM,iyets,280,168,93,False,False,True,True
GRANDMASTER,_LEMYvoN-_5rAIkfqHI8gPn_ayNbrJQK13Gjjw7zkC6Q7Oo,L1sure,437,118,96,False,False,False,False
GRANDMASTER,j7v0fJGsGq3Hd45WZc1iIDKGUXtF-z3bO-wKTTpF3vhfrUk,담원 FIame,187,449,445,False,False,True,False
GRANDMASTER,wufdrd-epvbllue7JiHJ6QncmlQuy2ePTbNB0VReLZb5xg,wootaeng,430,227,150,False,False,True,False
GRANDMASTER,CycgJoOH_NIBxaCrYOC6TvEy0qzFqJCTw3w__OlYTm2iG0w,feijizhadan,487,363,350,False,False,True,False
GRANDMASTER,DWa6dZhwonQKqQvk_N3RtRkRFYAbD2U42hU0UsfK21vh4kI,내가잘했네,584,152,131,False,False,True,False
GRANDMASTER,App-zdlSeCf2LOnC5NkNRXjAts8XeCMIp1o7lF0v7lhQZXU,깨기 싫은 꿈,543,118,97,False,False,False,False
GRANDMASTER,62jNx_kG_2o8sddyH1NW_HmoPLBic3LlVMqvy_EyjHJa1kU,식혜성애자,201,195,182,False,False,False,False
GRANDMASTER,q0R9chsnyAtSINh-io0ut9Y5QloVY2FBQ94T3DFMH29mTA,나 똥개 아니다,303,73,46,False,False,False,False
GRANDMASTER,DjSWboSFFr_xgnQXPr2Cj6SJ0_tWdtu8owZdDsaZ1bjI3ts,sry me noob,398,157,134,True,False,False,False
GRANDMASTER,ShiwwZBH6PMKxLzhcr0BjxCEaNYnDynyFeaEEv1P7R04bn8,By myself,293,143,110,False,False,False,False
GRANDMASTER,F-2KrSqLZtSE6pPf6zED0XN18UUcdmOcfQOGlG7VF-kRSA,탁종이,538,180,148,False,False,False,False
GRANDMASTER,Y_gf2zjyoZIQ6TFqCWcL8cTNlO7dPOvtCoZaC3bahHL9kog,이해석2,195,253,236,False,False,False,False
GRANDMASTER,3O_k0IOF4M-9BzOaIfGo8Z-LbqxFjszw_BgjzrT-iyNaE0Y,Remember2234,336,82,54,False,False,False,False
GRANDMASTER,VUTOE3FMg9FO50JJYlxJpvKVEHRN9zoHu62QuUFGcfy2ABA,Sei3e the day,264,145,144,False,False,False,False
GRANDMASTER,rZXKfErfdlAAoXSe5StLZuzcu8eCH767W1hh5hq31qwoV64,멍벙이,217,161,141,False,False,True,True
GRANDMASTER,hLRNOdAMxUdkQ_A9uMO6QS64ls1Fa6Em1KPNyL1CA70hDDM,히키 승수,390,147,153,False,False,True,True
GRANDMASTER,Vx9lqfhICNFAShSs8smYn2-AsCH507lCXG25EMbDrlAPEEw,뚤루루2,350,204,181,False,False,False,True
GRANDMASTER,QP8Y_3lz9iBNEtpxrHfZ-83llcZVZXYgqrmErmzKrcGF1g,현성S2재현,230,119,95,False,False,True,False
GRANDMASTER,SMgAiogSKCA5WJj97k2xYCWZL0oMje-x5AUqlAqWJK_b1yk,PilchaI,439,409,361,True,False,False,True
GRANDMASTER,HnxIbqh6iwjpdkQP8ILmZcRbaEAr4F7dKcBlGnJJEiGv0A,혜민모찌,328,124,82,False,False,False,True
GRANDMASTER,gEVM1_lQDwJ1-9lQ8h4GaOQJaCkJZrAhyZ4KsWfLMQ869g,신 곤,207,192,178,False,False,True,False
GRANDMASTER,Rvmlys9PbbGrX5AyOAIcjCdhCGffZ5bhBtjKN0pXNO3lwMc,ad20,239,110,78,False,False,True,True
GRANDMASTER,o6jUMpFji8SnbQSdL7eyEQhB3yb0O1PW999a-BRjiA-0bQ,킬러톱,367,277,247,False,False,False,False
GRANDMASTER,KWdCVpogSfd1OsheWnIjEQzF2d8G3ej65lnUMw90-fzzk7g,emulp1,525,341,257,True,False,False,False
GRANDMASTER,e-xEN4DEDoS1V_K0A6nmiBHbEmTeDR5bKyWi5wsVD27HILY,NoSmiteMan,220,225,200,False,False,True,False
GRANDMASTER,Isy2rcFBD0iOfNzQMQ-KPxiLZQKZ7Rtfdj5hhVzLJ1ajP8I,과감하게 주다,507,199,171,False,False,False,True
GRANDMASTER,tzNWD8GsNvKYw0lLGHxe4BKacnHos6ESLl4d29fF40AvNqs,fwerhao,286,84,59,False,False,True,False
GRANDMASTER,XO4JFpVHtF1wwF65J5hWWTXgSQxb4-Tzq8-UwHL9Fczt8xk,need time x,248,306,237,False,False,True,False
GRANDMASTER,eCqIuSjzPfSpqvAWWuW4hyhS6IVm25L9hTcUzpruGdL8nFY,진지하게 대하다,294,416,409,False,False,True,False
GRANDMASTER,zjawv5ml8OjEQUSi8mEZJ4OIk5eBzjjM9Uzf6ynWys5XTRk,엔도르시 자하드,575,99,84,False,False,True,False
GRANDMASTER,VvVcCYtJj7sLLhpGQ03OIp82M2Z0E6AbeQeJEMbB7vFa-dY,hewon,280,317,283,False,False,False,False
GRANDMASTER,_Nbivly8JLZNuLKLZq6K4bg2CMj31ZU4wd5o9AVQT6UrmyQ,김건북극곰,459,37,17,False,False,False,False
GRANDMASTER,Fb1BlhsE3sgRLYcSnBox5iMqU1u3B4OBpHwlK2ipilK-AiM,솔찬입니다,487,368,264,False,False,False,False
GRANDMASTER,Cf_s2J6ZKLOPsYwThgPxBlBFa6EVSXI1CwuorzIvjmQ-dvs,팀원에게폐가되자,331,127,108,False,False,True,False
GRANDMASTER,mR1DAudLRpPALjlDMrQenlWXS0DkA1wlIJiXYRi9xHiVT-8,Gen G BBakPyo,411,278,264,True,False,False,False
GRANDMASTER,HAwtNHy1bo0JzQsJIYOPouvl1_G_gfVAMldEJ7cJIvzi0hQ,Gen G Moo,582,197,163,True,False,False,False
GRANDMASTER,LO7nd2bPY0yiXca_XPXQznpyaU7jT2N5Abr3zIOBmWtQFA,술 사,310,117,101,False,False,False,False
GRANDMASTER,4yMGRc6KTVoRhelPmePNa5WuYQSUDDlh1_QfZCnT1PyEv1w,BEASTARS1,567,136,109,False,False,True,True
GRANDMASTER,0MyVyIcKLyx3gB1iBlkShbkSYGjaJXP7yEU6Yvy0xPIR88s,yan cha xp,573,144,104,False,False,False,False
GRANDMASTER,RdoT-gvfQke08Xsin6EY_m78zaMOoVVMM8EQQNX6yZqdGtI,알파몽,378,102,76,True,False,False,False
GRANDMASTER,ZTiOL6MP6Zahwo_VXp46nuILn3niLhJvOcD7gqw6Doi_FI4,wfs,290,82,71,False,False,False,False
GRANDMASTER,716HMpqi_pd85h0z7nHA4vNSdiDhTdsDS7bf7w3uyuaq9Jo,좀비맨,464,86,56,False,False,True,False
GRANDMASTER,nRQgw5JK34airFV2Hxky09ceSb7X0asVNydbIDOPU1LeRpo,플루토오,344,77,62,False,False,False,False
GRANDMASTER,rZpHvrz8RocuwIFwBS7q5sfBmsPCXHJJ2J-XCpGwPX2diBU,Vi0Iet,200,270,255,False,False,True,False
GRANDMASTER,0wqdsLHRJTyABCoRslIxNPh4DKM61f7x6a-f_opn6G1dru0,샤오 쑤,612,207,176,False,False,True,True
GRANDMASTER,i5rdWLqC50auCtFsoOPFnMmwupP-ZSt8dBwCiA6ustXNRA,설날떡국,196,94,72,False,False,True,False
GRANDMASTER,gd6mzAhRaEvWD7FbWJucv3oNchvIc9s_3AsILZ1lx70a9AY,승지부기,524,58,35,False,False,False,False
GRANDMASTER,mPM9kKe7hA6rWX3TjJfxypMaEz2D_l0EbEPh1KEXsENf2H0,DRX OneZang,233,198,211,False,False,False,False
GRANDMASTER,hKt7ql-lo4WTN3dIXOoOnm8oXdyM707xZapMgotrjC16wZ0,ELaB MungChi,312,243,216,False,False,False,False
GRANDMASTER,VbRUsm91Wgtz8G654GrknWiW7PNNEY_MLaKaObuctWTVaBw,03 JGL,317,467,437,False,False,True,False
GRANDMASTER,RuLppL1r3gzX8FHnERq2lo-Tp8yPxJDipIha56NVTNDKXlg,I only top,221,218,195,True,False,False,False
GRANDMASTER,DTnOaB9ak4DNldf8Z6IewZo6BndPjpxay6k9VivHvu_-zTk,긍정적인에너지,416,354,331,False,False,True,True
GRANDMASTER,jj57kMrg2l4fIYcNWTopGY_PsW-EukBKOKSEZtjue7_pI94,zhyscxlg,516,351,307,False,False,True,False
GRANDMASTER,fvHN-y7TM6O-Jkx3xBG6Tjartg0o8gsqWwAvpVSVXxzxoVI,긴장하지말아요,225,116,99,False,False,True,False
GRANDMASTER,qrpzED2dxlgsAYoHXmvYOX8BBblvv3rEqp8FBTxwnlwOaug,풍월량머독침착맨,503,88,60,False,False,False,True
GRANDMASTER,QtZn1tcw89PmjoinjIEreI4vL1LtquREhHQdmhA1-6lKoZQ,어나더 혜지 fan,567,211,173,False,False,True,False
GRANDMASTER,8Tgb1XC6tX2N918sZEw8W7D7lYV9wr3SwRFJ3j611S4nK5c,Urgot Thebausffs,247,178,138,False,False,True,False
GRANDMASTER,QuKUsyTHqYu_6s1cM82p_Iw3zGe4XcEz5liSr8oKCRFS8Tg,BRION Hollow,491,239,223,True,False,False,False
GRANDMASTER,bmBRixI11GD7UaCxEf78I8wuj6gaF4P3pEy2H0Jp1fkHU4Y,두더지형님,452,409,423,True,False,False,False
GRANDMASTER,jGRHcbyGQlqwhR8yxmID0yb87cB0NThl0OuA9UdBWvU4DF0,gbxcbcadf,374,125,79,False,False,False,False
GRANDMASTER,etNPfhtHkqfYVDk_fx1P_4uHpS70J2ohCchAKPrP12WNBvQ,Mei Tian Kun,274,134,170,False,False,True,False
GRANDMASTER,supZySyHkS0x1J39TizAEhxIcAPJ0tT4GfoSQJ7CdBqnSB0,Jianguoqiang,476,248,225,True,False,False,False
GRANDMASTER,vTjKtSNjJXBHosEjs-ja7Nbk2l61xO4o-grYXCQ-RD-LMB0,Wwwbaby,474,226,208,False,False,True,False
GRANDMASTER,tU9IEor-fv97fAaC0QIKcuso110fZgQeTgAy3OmsdS0ToPE,tiantianquan,429,242,229,False,False,True,True
GRANDMASTER,-pti7VOExuGNei5tjwiqlNXOFZateoGRwgW4WSOD7l_nisU,포기하지 마라고,422,187,158,False,False,False,False
GRANDMASTER,cc3_IlEqa45lIkYYUxNbDgP6aiNxiLHIsjldsymFGqleDiA,HLE NAKGY,509,351,232,False,False,False,False
GRANDMASTER,luT0UsdwVE6NqiUGz9N7j7UrozRhv8afX_cdPTckDIVyqUs,부족한제탓입니다,233,64,35,False,False,True,True
GRANDMASTER,mS80m45M8sSEy7FwDYFJx7OwC3UkZzhK42WErpXhXpRrQQ,kwaedonanmasunqQ,217,195,138,False,False,False,False
GRANDMASTER,i9JmhWj5T1FlCRISyGhb6mtWBBnkuQ1M0H0_IIb_nNkpUg,그래또,543,48,49,False,False,True,False
GRANDMASTER,KgD43DEIHGU2ObhTRU4n6WzbvMID4hj9-axrdecdnfhDf4Y,qinyu,391,129,105,False,False,False,False
GRANDMASTER,qWQdINxjab4L3LJNBdyke1xpoGg_-OGOLlHyXnPmqCKRl5U,0dada,332,85,62,False,False,False,True
GRANDMASTER,wSimCUjkW6CdHgdnDoCq7iEhlrvM1I82FLXhJJ0SEzCarnI,5doran can win,220,113,86,False,False,False,False
GRANDMASTER,SrYlphvI8Ah1nTPfNdJfSaHNwkpdHQ7Xz-OkP8Vfn8sTfso,qpqpqpqpooo,344,327,310,True,False,False,False
GRANDMASTER,zXb8FZ9EUlM0NcB3xzN1tU1zoxSbqebUaSX4EGZC2HwvFdQ,20030407,195,177,83,False,False,False,False
GRANDMASTER,HiHTcMVNfu-JwFJiyKELdXg0N0RQ4ldAMpg2QK_rygbJwXw,SRB Bini,569,161,134,False,False,True,False
GRANDMASTER,eGRm43YNFoPL2LFBH0jMZBozd6-S3cVOYMJmG1M3Z3ReOw,닉변한다데,326,314,284,False,False,True,True
GRANDMASTER,0ILYMaiHn1lMyI7ehv9GOyC_tPyNRRu0Ja0AR4XMRbDVRVI,shiliruci,400,321,302,True,False,False,False
GRANDMASTER,BuuMOsFv35hrDPWENsSErblgoz0Xlis2nuyZxiCmkW_FG-A,PESK,321,238,219,False,False,False,False
GRANDMASTER,obOxiOh31tbH_HKhXkJuQCYxs-MHZzSmUUn_oWVWg1Ro0W8,어 설,536,361,341,False,False,True,False
GRANDMASTER,pdE0KWxQjfwcKFYG3hII0oxpDtkr8ySWl0Mm7S4N28Hi-Q,먹하고물,109,221,205,False,False,False,False
GRANDMASTER,V-9TIaDQNFltmAn6MeuOZKnrFKM73Y60GrNHzCdeYPJz1PM,SANDBOX FATE,330,94,79,False,False,False,False
GRANDMASTER,GtwcsYzCgteV8gY82aTSKVrB4J6rsThu52afKWa2Fy32O6U,O u O O n O ,218,94,70,False,False,False,False
GRANDMASTER,tBaD2fDJBy1ETkwS6zOacLm5YLpOwp9mtQZrXfcDgoovuw4,마음을 드려요오,196,254,183,False,False,True,False
GRANDMASTER,J9m2lCAN0tFRQOdqHaIqVerlWzGF9nCwDuIAbJ0vOhromac,맘스터치콘샐도둑,237,51,20,False,False,True,True
GRANDMASTER,9Q6Tg64NdVGMs0KJ1d2fT4k7qNeZtXOa0uLIh6SL7soQjiM,쪼꼬맹이 딸기,296,158,137,False,False,False,False
GRANDMASTER,_MWWl8bvwKOVDTEYMBLj3OYqA4a_eywYc2v7nMXhGw2dk9U,사 용 수,589,87,64,False,False,True,False
GRANDMASTER,ZL4vtel7tsySP5LGS0sr79MlZww9rgkI2YFD-Rm3Clpf-Rw,슈가몬,256,259,240,False,False,True,False
GRANDMASTER,FuUKcUG1HmrfQZ6rkjlSMvvW2tD_pk6y3n6RQRy9IksC8C8,WithTheBell,245,121,80,False,False,False,False
GRANDMASTER,iphKWJzk8Ib1xrEu7M_iBdBApZ1ZyqGguberSUZ3p4vFIQ,daydayupup,311,87,73,False,False,True,False
GRANDMASTER,H7_oUdQIyK8gAzYStapCrLQHw_O-IoXO0d69zg2FnfymLQ,죽기장인,511,104,76,True,False,False,True
GRANDMASTER,sWQXbEt1BuwcPMBemo7dtO3l9OH1LemEw2D5s5PlPF50cWw,zhuimengchizixin,455,217,181,False,False,False,False
GRANDMASTER,iLz73EpG4rrrwvsLytzQ-unPw62IOwpfy_aP4fzJjaQotQs,Inory,205,332,319,False,False,False,False
GRANDMASTER,MMCoIZx9RowWp6sywHONBJX-Z_WrZl5jzJWpqfGeFCDzQd8,착해진우한,345,185,157,False,False,False,False
GRANDMASTER,mFgVl_5jmQ1nXzTZ3Yltwk6vbFWG6srQgNXzc59o7aflfdI,페이커 fan,195,88,77,False,False,True,False
GRANDMASTER,8tEnxmM3gK1LZx_E1jhTQFwHhcPixvqtkBG6Zc_IAa418n4,paddle물 person,401,192,168,False,False,False,False
GRANDMASTER,QEgJ1Drrp14Y7gJvVmJegSzeFCHUehj3U3NyQn53-JeqJA,XnX pi9,400,153,170,False,False,False,False
GRANDMASTER,N59uF2F0LPWOJmuxrj-1-KK5NM35S6dtV78S8klqNn8JAVA,Inner Child 4,380,90,59,False,False,True,False
GRANDMASTER,xVaQnUZqYccVZrtZ1seDKTPG-RrU_dvxbbU7ZSLPsuamRXU,apfhdapfhd,401,240,200,False,False,True,False
GRANDMASTER,0rXI266JtZjtsjY6Gf2_EKHrdnllyBdI9q6qYe2RbYLaBq0,DRX Pyosik,540,341,319,True,False,False,True
GRANDMASTER,YLozNB4V9fsslKESuxnMV9ErlPi7o2j6U6R0Dr2Zed_FuQ4,어둠속에빛나는별,500,75,35,False,False,False,False
GRANDMASTER,eAEVzP9EueBAXo-_IwQku_jEVHJsceSjL7I8OJK6wumpog,질 듯,210,313,301,False,False,False,False
GRANDMASTER,xSl6uPq6nbJJyO8BQU4js-LQbwkswCKk6nfoM_Xssg6W3Zs,gtqeti630,252,76,49,False,False,True,False
GRANDMASTER,MHJkmB8GP_ZD3aZF2xKWqXrYL6fvWSESTLIYenEgguw_5ME,어린이즈,368,226,193,True,False,False,False
GRANDMASTER,8lyCycHIYt2d4LEmbMTeHaj5vefcY74uW3cgRuaQpNHVoAo,bot gap game,208,97,72,False,False,True,True
GRANDMASTER,i9rdSMv71omgtN15wt28J1RF7xpotRT2aR9KvNW-e1RLAGs,me noob sry ,233,127,116,False,False,False,False
GRANDMASTER,0nFzye-is8qtSQoq8ZW3wHQI8CeZPGn6xUtg21Ok62gCu8U,aswadsasd,341,296,227,False,False,False,False
GRANDMASTER,5_pSsIceT3INdkStQqVuHX7LtU7LVd2hoQqmDjw0Dgqv2w,GM Happy Game,266,158,122,False,False,False,False
GRANDMASTER,w4Fzc89P6IgvEJNMnqlH4hi0MyZdtLireV6mVTegEMiFSdo,Princesscat,500,253,162,True,False,False,True
GRANDMASTER,nkC4CMckNLicX9XUM3wVDm-vX7AKjyLstkKj9JP_ZMW9NeM,앨리먼트 미스틱,580,251,224,False,False,True,False
GRANDMASTER,cfvXrsLGHnFM6WHC16UwUZMesY0c8YzaM1Cn9T8-rI8eZ2A,cherish0120,228,87,67,False,False,False,False
GRANDMASTER,ReecNEESmA0puDRUwjapS-qaBvotKOkP4zLx1kQiCD7cnVc,됨니까,307,343,319,False,False,False,False
GRANDMASTER,l9UQhDLD_cS9gelsGCJBgJt9e2c9vyHCbe24NAuXYvbN8xg,유튜브이성진,325,136,66,False,False,False,False
GRANDMASTER,hNzzXjElR4tpOOkwAHsjNOaAtsVRRGF6KkTS5wwQxCIn1u4,취향특이한도구,384,122,103,False,False,False,False
GRANDMASTER,Xx43ZbD3wrz4olsTvtmmK93vuQB6ZcM2SiUHvVVOR_fD6NI,불꽃남자신동진,477,340,279,False,False,True,False
GRANDMASTER,OVcB2gXeaCi-2rDtwemHSFwcmO7fzD8hzT1VANr3WnCt2wo,천불생무록지인임,519,301,289,False,False,True,False
GRANDMASTER,rXzeffnlNLX2nwUZw3-ICCqVh7wvwdjlyo3RvEq0d1BbivE,The Marchen,249,86,91,False,False,False,False
GRANDMASTER,nX61dTj80rtsc-RTgv37GO-cYy6QqOz8m6Aj5srVA5UMVA,챌까지미드마오함,439,177,123,False,False,False,False
GRANDMASTER,xclIglAOdqcQe8xNxQ3DmggjRd37P1qYrGdSEiiWaz-ToaE,아른아른이미,388,178,141,False,False,False,False
GRANDMASTER,hMBbb5528JCA_TXKZ1QHTjGIg_myG-vUz39AiPq47Wvt2-I,fire game,498,125,102,False,False,False,False
GRANDMASTER,5YWJspxEoSYe5XS8UV1LG9vgO26kC7MhKkCFfF7ozYxgKsI,I Must Go JG,250,176,117,False,False,False,True
GRANDMASTER,7KBJpW7AZFajBzmYAPebCEdiJuzTVUWPRUOWuQUhFHRWPg8,krats aira,539,114,96,False,False,False,False
GRANDMASTER,aDk7V6C6wGTTd4UcM8MT9xyTsV6tCgDSVZp99Y4bdpyL01o,misssi,314,68,46,False,False,True,False
GRANDMASTER,i5WC3HPKCjuhMYqwTRrqtc7CpbwH7tpJKhe3VZfQIvWIB4U,SANDBOX Serenity,492,226,214,False,False,False,False
GRANDMASTER,kJBnc0e6Zxwgf7YeVfI4xLy7DrE5ItFbzLWI1SU3Bjr93g4,TwitchTV 김망치,546,150,127,False,False,True,False
GRANDMASTER,_m50i9lh7s47UWSNrOTDngdo3-hQUNdXd0FM0hc2Ff2nvJQ,xiaojianjian,385,88,79,False,False,False,False
GRANDMASTER,MSSRHBCwO7GLMPkBgJrHprL5-ui7FdwtAVeMLD_mRtM4JJ0,123321188888888,206,58,50,False,False,True,True
GRANDMASTER,iJ7vUN5IOk3AChA-Hqog3ktX538t2SfMYsRR2CGeyi1e3s0,손연우 남자친구,248,184,178,False,False,True,False
GRANDMASTER,ptUPjPpcdPMBxve1A0AWyCpNrlbq954cvRFIWnQ36-RT-t0,새벽호수공원,223,126,109,False,False,False,False
GRANDMASTER,Jg1kkPolgZWt1bqlIuNIriXiGb2pnex7wZP5nPPjVP1Tww,Hide on bush,422,174,163,True,False,False,False
GRANDMASTER,bS_3ABeISWSc0MM0jJWDFJyp1APe5jxFIYWFGk9pPEhUiMg,엘리펀트 미스틱,357,164,156,False,False,True,False
GRANDMASTER,mbdV1jrfWh--hmUOWuvEsakyZAVx6rzeV8_VvcBCFA0QrA,취준생재성,394,293,276,True,False,False,False
GRANDMASTER,yvGJ4COXxOhm10SbghgBHa7ySfaT7AoPy5YDLuDdAHrO6Ik,이승주,199,285,248,False,False,True,False
GRANDMASTER,1gSyj3bQX4j4_47fb2DTRtMBQzeNhgj74_yJnurrxsbxPUo,협곡의백정원딜,313,156,128,True,False,False,False
GRANDMASTER,7GAWW3jCc4zoYrvM1TYbD8gCJSEFxMViESguHiyv0CHSsU8,보람고 정민석,502,114,81,False,False,False,False
GRANDMASTER,BJcz244RTUZKx_l56bFvRYmt6K34OFPHd9rAX_Ygcrw6yfk,다루다루daram쥐,274,154,144,True,False,False,False
GRANDMASTER,OOS_acVMGRUgsYJNlo1Hclb7wahCKIXlRhUfCPwuiMhH1VA,reolreol,363,275,244,True,False,False,False
GRANDMASTER,TGVB5kNR2O0kTykdCiltRAQnifUOKm4XU1R_-Yaey9LOXVs,UDT김계란,256,88,67,False,False,False,False
GRANDMASTER,I-MjyIs4a95hwVJAuuHGDB0-HMLwaOWeeSrc-liiNcUBB2I,huya  cry mao,420,200,183,False,False,False,False
GRANDMASTER,idvNM1fw4hbNbcGphoRcIOj3U0aW_nAr6FjLwkmaZwnrJIY,하 퀸,333,381,364,True,False,False,False
GRANDMASTER,637nai6swQ2EVtqgmgOjdv6aP_DfMcA_aXD9xL78GrG93Q,돈까스틱,259,205,185,False,False,False,False
GRANDMASTER,xf7zNCHzWC8vPghQ8I3WRbTiHokgwudo0UxqNaH3SPNpZiE,li guang wei ,320,90,77,False,False,False,False
GRANDMASTER,WAZbYcDTTAs5TUt95N7LehX_dm43Wqyr_MHgRvJ44zlpjAI,Apolosius,408,381,360,True,False,False,True
GRANDMASTER,8nvAh9aMbrCigh3Nj8RkNcSqrzHsiqt0rYoZ-y4ynPJJzqo,다 들 귀 요 미,300,220,187,False,False,True,True
GRANDMASTER,H7Ci_0D6gdvt24CKZ-HLzWn6QJ2EmVcqy1SV453V811vFeg,많이바쁜가,313,265,175,False,False,True,False
GRANDMASTER,RC21nAXgpP-5dLKSOidxdqf00SUD6tOvcnc71ugaPWm8uiA,Sangchu,489,139,138,False,False,False,True
GRANDMASTER,Ea4qBuWrDRCH7mX01s-IRAR8K7O6U8mZvhE3RmYyAlg3JQM,무질량,226,175,153,False,False,True,False
GRANDMASTER,vmYum4J8mm6-2eI3b_5vzQABwhW7000hmqrsCUvINoXbmA,T1 Roach,255,156,150,True,False,False,False
GRANDMASTER,cwUnFAjJuEU8PbgHngi80suXDSx5gaHbuC7hCXpaNlQ_EA,바 드 본 좌,239,205,198,True,False,False,False
GRANDMASTER,8_5LdGGdAm73sOiwqxeDDC7JLPKJlWVwkGJpLYHNClHyKBg,오현택의 개,296,169,151,False,False,False,False
GRANDMASTER,qltHe9aPD3WwCNMMX8oyaL3VpTB7Jd83RuEf-gBP_dB1BiI,믄똥왁왁,222,183,195,False,False,True,True
GRANDMASTER,86T1XhVafsCKOqTm_xy45lCoY7wsHg90VZ1aqLICybKs9AU,Chainsaw Man 1,257,260,222,False,False,False,False
GRANDMASTER,H8aDAJKAGoG03dLCKcax3yaFEkq-p3Q5BnmfcedH_QiV58o,Yun WAY,437,206,176,False,False,False,False
GRANDMASTER,M88azC9tJuSTIAgdYCPXEpJR9Nr5NjR8y5Kb0dz07Sh6OCY,Keep calm and C,377,395,296,False,False,False,False
GRANDMASTER,DsxRfvKIlxOD8hFL2tVLy7DbXOb2zQ5S04W-8YaUn8my2eA,Trust yourself,435,319,288,True,False,False,False
GRANDMASTER,MV540eR3eH3UJmFWg9dK3yKefJbe4HiR5RUvA1OMtf_UgQ,Furyy,452,98,75,False,False,False,False
GRANDMASTER,6nTX6y9GYomwtbiwbpDrnrL3z42lI0wdAYQTyVH9461GOM8,이 차가 식기전에,226,278,271,True,False,False,False
GRANDMASTER,Ep83RZ_7tXICliC6hO9vHtCjDtNCOiMS-g99KOySD8b-27g,핑잘안보는사람,362,399,376,True,False,False,False
GRANDMASTER,F3tACMjpgY3OwGD2TyiiGEQ02wit7HwJolg8NowWcpyrixE,AF HamBak ,509,370,337,True,False,False,True
GRANDMASTER,hOel68tI139bkqiHJ62ufFeHk6bzjETgzFd7Dd3ry-CX5gA,금괴 쌍도라,276,325,321,False,False,True,False
GRANDMASTER,3QL8EjobJI2gGF0hrX8CJcCO5aHVl2dvf_hhBM-dMdM17D8,Letter Song,253,472,440,False,False,True,False
GRANDMASTER,fDw2GiORR4w-db2tOEkXMa8c_Bmgg38WnZ1qezAbMdmgzw,Buoc,303,210,167,True,False,False,False
GRANDMASTER,UiVOV7Y6nn9pDM1lRyQN1f1Tt3YdbPxmLlc_zvLMgHkQwLY,77GameVIC,234,118,114,False,False,True,False
GRANDMASTER,d6qdwM6IqDYmYCPR_VimnZj7t9XWgIzMGLPEB7iufgdvDo4,엽북이,454,107,89,False,False,False,False
GRANDMASTER,UHQeBsimxG5VZy91wj94za3RM6A1yCnaOmOQt7XnIq63K7M,kfo,180,408,385,True,False,False,False
GRANDMASTER,Qogike7ZscwZ-vp7j0gcL8oCiHnxV7I84oDj1DJGJ5_hduE,내일바다로가야지,409,255,229,False,False,False,False
GRANDMASTER,ZqPswtil3DhAYZBsx1Qr6TjsCSd690Ncn9Tu2rZqb_HIZ0k,wjsybnlh,340,223,207,True,False,False,False
GRANDMASTER,rQx-KxV4vCB_l72y8xHDOwijobzKpbpyNdZODZistTHU930,레EZ,155,117,77,False,False,True,False
GRANDMASTER,lj1SolzcHQ4AxxoTB1CSZPb179dOVsc8d2OjBlR_w4BaBvM,해성해성호,203,387,378,False,False,True,False
GRANDMASTER,wZfE8pPWQHCRZSdtuU2eafoMi2WC2Dcjp59VUUdSam40_Q,everything1need,209,234,224,False,False,True,False
GRANDMASTER,JjDhgc3LXl_V7-vFgmb7kNvpzmsGdaoE4PZYvirlLf4aUhk,xdfkmgfvc,530,220,187,False,False,True,False
GRANDMASTER,oNx9AdsKBB_YYaaeCHvGz2Z5UeYcYmhvTiMeuiuL75V_u0k,IVERN KING,185,121,72,False,False,True,False
GRANDMASTER,CWyguG8gpE0NSi_4hIPSN0VvNGDkuBdxT7C-sBCc1L3_Hw,doid,266,119,93,True,False,False,False
GRANDMASTER,epZVR_YmbuTTjMn4I_4D_UzszjBAeOf5K-nBouoUV6QxwE4,JUGKlNG,287,27,6,False,False,True,False
GRANDMASTER,6_AFU_gzR5zgaIm1V7JnEWs3SnGbqIOLN5vNzZS_MqEeCa4,AF TV 구지곽,396,291,236,False,False,False,False
GRANDMASTER,G1OiwMFbak-s8geJ41mPH9GrD0SoRbYhEVJpTZFd12nu_Ck,Last Sunnnner,515,99,57,False,False,False,True
GRANDMASTER,3NYLWIDuKmTtuRnq0Vff0-pid8k4TQK8QsR0KjdmE9Vzdw,이상한서포터유저,161,281,269,False,False,True,False
GRANDMASTER,4TfnGcvjN486ywlhalT--BrpbXE0_c3kUeY21BhrIuceAg,하지맨,238,181,157,False,False,True,True
GRANDMASTER,YlDAbH31hs4PHK4IktsyuBFNpWTWPkZxZlGh3xaq9wgReHQ,bu bai gei,158,162,161,False,False,True,False
GRANDMASTER,_w8NLVdz_m9_c4eiuNfGSqvWfz9YJyumHCtbkAdt9TtV0b4,베인장인요맨,398,105,77,True,False,False,False
GRANDMASTER,SJto5-n6mXsiT0ygfePTswW8CBd6RJjJ9mK98Hk-rYx_9FQ,새루는 죽었다,396,136,114,False,False,False,False
GRANDMASTER,uSEkePXeRu35qSjKFTm-WNlsbIGGAXXk7d5hrqrPZTRDcVM,ShuaiGeZhenLong,348,343,321,True,False,False,False
GRANDMASTER,XIZ8TJEqrImlQYB9MfSPS2R3p0Wg1HvVLnRJrss6E8kghCs,Masiwe1,324,169,147,False,False,True,False
GRANDMASTER,eAkBoPMzq_YR0iAAfyARbg6cpPFFfGdWTUF2eZhGO1-9kHM,Hegzzz,315,318,247,True,False,False,False
GRANDMASTER,4YKOs3hHuWKRpPh77crUhB7bPP04YrAsBOJ4lmCAFNK6X1g,PenShui,580,73,68,False,False,False,False
GRANDMASTER,SG9YHDTNOxl1OzqFbnLHer2A6vVtpJlysExae2DpnYMXyRA,iuhim,207,247,221,False,False,True,True
GRANDMASTER,KUf22wz-NtehiRKlG6zdB4szhIjZCBDxBe40JLAOlzCtSQ,real gankster,361,267,251,False,False,True,False
GRANDMASTER,dYgrANpIilf7y5wl-oJeVZiBsx3Lrpp1NT9oYr533IH1cqg,lure heart,518,108,86,False,False,False,True
GRANDMASTER,OEH3VtsXcD_D_e1e6V0T_TZFa5pbTiQCaJP5EFQa5KVwfBc,박새Roy fan,242,265,229,False,False,False,False
GRANDMASTER,L7cziqXbNHwQjOFsmPUqDAiS8TnKPrUU_Rl81NuzKuBEirU,눈이 예쁘다 그치,256,146,120,False,False,False,True
GRANDMASTER,sOvRLmAUQwV0OYG2LYbP4YveaRsHMkOME6wx9-6S9QVKLhI,df2,254,555,517,True,False,False,True
GRANDMASTER,LWPubKIgrLYUPTojN735v1Jec5BUMT5SPQnOveHnjugdSDE,guajibannian,321,129,50,False,False,True,False
GRANDMASTER,SrN6oK68UJ629o6WGRxK5OWeZPACaz6SeUxU9TzNYK-ZMpQ,Mango Fish,270,134,62,False,False,True,True
GRANDMASTER,uRyxHwRxquWjsjh0qRycBLrCEchP2jfyii0j8jnnZ_z2_U8,갱붕맘,261,103,95,True,False,False,False
GRANDMASTER,ygwJJ1J1--z-qzXVBUMEwBgxqzaUJh7LnUBlLzFA0R7GqEM,ES양충하,220,308,289,True,False,False,False
GRANDMASTER,ZU6dV5D2jNeOGys9ApYSEaWsT_3OzkdNytBGw1afqp8_gIg,YunaiQvO,237,241,218,False,False,True,False
GRANDMASTER,HRenuAopn5IBweEx5blg7A5HhNM_ynn6iMAaBt5jJjN1eYA,all suffering ,244,175,89,False,False,True,True
GRANDMASTER,87EDCVqLIN0THwihYnG_zRiMgY0xKRu0_N9mDli1_kTmx_Q,Challenger Kat,244,227,137,False,False,True,False
GRANDMASTER,J9h6MaUeVDYrlG_sZwFTkSfgBLsWWv4FJq9XrT8RuGyQkw,기도메타올라프,469,170,143,False,False,False,False
GRANDMASTER,CtJ9RiuY8mcVcgzaLyogdltCTmE6r1pppcvDTVcPVbmY0g,니만노련다,257,131,110,False,False,True,False
GRANDMASTER,f41UKZpSx5DQQRH5SvuV_pwck-UDKJ1RqlSo9zSTt4tRSeI,whyb whyb,596,278,236,True,False,False,True
GRANDMASTER,RwZD34JjCrBBNbKQFYNE5-f7y-Xh8SWNtUp7nyvEaf1lwyY,그냥 승리를 원해,271,122,97,False,False,False,True
GRANDMASTER,p_LDuWs8D8XpwvXKeR8e02L1ZzzbedrA9iR_rSz2OHDrdg4,하 멘탈이 터진다,374,278,257,True,False,False,False
GRANDMASTER,1b5taJmxBIcljLUZfNfMeY4K7fTkyB34kWYQFACdbwv92iA,Gipsy였던것,310,586,571,False,False,True,False
GRANDMASTER,u9pOBKCCFMxKPz4_bohucW0I21KfVAhmOZyEQkGRGzFPvwQ,Zaovvunongren,452,222,192,True,False,False,False
GRANDMASTER,DuL9mDM4FUwreLtqeXtzS6fVxhqaQZF1-fLpisgKQMTuPMU,123haxo,163,130,122,False,False,True,False
GRANDMASTER,qSWjaevujI4LsKBhvprAYlm0Bi8uruvLkUUuVHrzC3odNA,포항참치박정훈,201,172,146,True,False,False,False
GRANDMASTER,aEJu8mGn8u4v58PQaTVt6Wn72Hb7COdwTntlz7mzQQ6g5LM,오이오이오이518,187,711,702,True,False,False,False
GRANDMASTER,Oi7SELOv35zAG_z67GIuFgkwEC_S52GSFMFY_ijOJQ9M8w,KT Kyuhyunji,421,87,59,False,False,False,False
GRANDMASTER,cA67gse_FPbl0KH7xswqKKgmAYM_61JRe-I3tmNbYBiHfE8,C2zh,266,424,399,True,False,False,False
GRANDMASTER,FC0lcCN7eYcn43UuG1mbbJIZAOiS7QyQmzJLBOZLjDyOZw,safhggf,574,197,167,True,False,False,True
GRANDMASTER,MzO0UtXIK1EzzPuHJco6Cf7zTuxqR70oI8jRYRXLgARBMYM,      E       8,201,254,240,False,False,True,False
GRANDMASTER,FJhUFwYHWU10Unz1b8UogPmFdYrTM10s-iuHgiWyySQ6PQ,divei,247,139,123,False,False,False,False
GRANDMASTER,WF11nRpYU2UrSWLqqv_m98usizR50u-Tkt_vccJmdXIho-A,5Kid,315,104,94,False,False,False,False
GRANDMASTER,ZFOMBH2-azdp4qNso15_VZlRZMGGTX2tYd0VNfdgw8jNRw,병기형이다z,238,305,289,False,False,False,False
GRANDMASTER,oFaK343Gz65giNwp6jogyJE5kdwGho0JUkXO-buw4XBxLew,레 탈,402,324,284,False,False,True,False
GRANDMASTER,9np0f2s_mWwt2MDVlq1ubv0yqThKVh9Na0zs2rD8EswhZao,지은이 남자친구,298,79,47,False,False,False,False
GRANDMASTER,ql8ABcsMkIZPc8eRwTL6vd_u5JHua1Y1QVaMERYG6fYUebw,Munian,224,110,94,False,False,True,False
GRANDMASTER,66cwhdn2CGz1T0PRBTyLORaJMXgdl7P0-IkMYNcqLxrRAqI,복수의 나선,441,102,76,False,False,True,False
GRANDMASTER,r9X7VR7iCiUrGR4MEpJ_7kM8EmMmiArb3YrPiTfK7l88IR0,H core,238,162,147,False,False,False,False
GRANDMASTER,TdkLCXCtK8qhDuKzLUL8AH09r865NUdrUmg_zWvjngWnUw,타락한 밍구,421,261,268,False,False,False,False
GRANDMASTER,JtNl-sN3BgJWvB-yf4loh4Qcqw08lVNScSYS6dl-xOXxnA,한화 큐베,332,248,235,False,False,True,False
GRANDMASTER,8t8nGuuhTw222OF0nokDwN-XyA-ZPQoDfH6BGwGnCD5xVJw,200277,572,404,369,False,False,True,False
GRANDMASTER,98dKD-1_qnW-nSCK5KqOZbM095X0en8QHj74-kejHovfY3Q,C1zh,272,342,331,True,False,False,False
GRANDMASTER,9w0Ge1Mzti_Me_AlIkCDqxcLk-2fVLLKitJxzGqCmB3IwLg,rqewhkjlafdsuc,446,202,168,False,False,False,False
GRANDMASTER,bvJ-Pyb7qDq6UbOY_O8W0R2Gvy-ElPRq__tjRz0j8z5wYFg,yyyyyezi,199,153,141,True,False,False,False
GRANDMASTER,URj_HoWdfdTmWdyO2VSQJ64jx_EZGC48kSFDMJuAmTXeLQ,STEAK WARWICK,208,94,70,False,False,True,False
GRANDMASTER,BTj115rynjt8kL7AErl3KKrb4b442lkAQT991EuscNRi2kc,Gen G Meaning,533,417,393,False,False,True,False
GRANDMASTER,gDnjgZDCvb_DcGWRPEZ351MGbTiN3lIE_C9Bt2uf5BkiIw,OZ Crown,247,185,169,False,False,True,False
GRANDMASTER,tIh8Dq0lg9pUdJof0gUAYoDWE5fpExUpw35j-5EjGnyyuy0,돼지 같은 팀원,334,345,328,True,False,False,True
GRANDMASTER,Kt7TEo5XuXEQYQOT5-9nt89GgHf8ENvJkZmH5BBGJBRF_RU,무거운어깨,210,77,54,False,False,False,False
GRANDMASTER,v55sfOyZeB0EMa4lG-9iLcNu2v1PLaWPVUNm24hz3d0r3No,금똥왁왁,415,103,81,False,False,False,True
GRANDMASTER,OG-ZEi5ei7_cN3chphNWvQpWayDOrBTPFau3nKhN1UWP1ng,얼음빙벽프렐요드,378,293,280,False,False,True,False
GRANDMASTER,-keoG5V4qdPF06EDIF2yyj3DJWLx3Qif0-vJr5Ij3dOGBGM,리그오브래전드ll,518,465,437,False,False,True,False
GRANDMASTER,0hQinxW2rb6UO-IhqBSlhkPPVS3kvZBuVx6czTViTMlT2KI,Unfade,211,165,135,False,False,False,False
GRANDMASTER,o4Mbz4uzmnl-4Yp7YrDdegiYvmHmQasLxd_p67MhjqBhVZ8,HANYOHANYOHAN,341,169,158,True,False,False,False
GRANDMASTER,UUVfOID1Riv6QH8th3W-au_sNzxciKT0OOgPtHClh4maSNY,하이용,557,132,109,False,False,True,False
GRANDMASTER,P0HPxgrx8CTWAylPI4c27GccbaatEDV27ssJC9j5qKDOsuM,The shy,354,83,70,False,False,False,False
GRANDMASTER,8itBdy16bpm1nlRViOtB01q7XPiTpkkZfmI_vFUap-3bk4c,Medea Beliare,256,141,122,False,False,False,True
GRANDMASTER,Qy8bcyC2fWnT7Y0eH_WYMWjT8Ii11vDy7rohDKNKntr0JQ,Poison p,549,112,86,False,False,False,False
GRANDMASTER,pVyBLiztasHjMOFDA1AiiFpPGOMmGmTi4p7YbAJicJs7WQU,bulago,401,386,359,False,False,False,False
GRANDMASTER,fsWFfJzKPou0MKyy5OA4_HgcpIKbEwqpuxephqVom7xWIyM,북두칠성 간부,308,422,407,False,False,False,False
GRANDMASTER,SlbrsVA_E3QEGUPYqyBLFxasWPhGu6f14PxkguJmdCvpUoM,ANG TV,338,476,457,True,False,False,True
GRANDMASTER,C8yoMxu8krLKakiM7CwaObArCdVnhLnH46kRz3tDwczav5w,dodge game,567,378,345,False,False,True,True
GRANDMASTER,BrVeflu3PFAxXVec2djBQdNP27uPdswwGyRFelZYTnIhT_I,TnToT,391,302,279,True,False,False,False
GRANDMASTER,I_G5qmE2ev7K-gsxzpYma94QGeQwtc9r2NaWjMz5--ACJlo,펄스 Pulse,221,158,139,False,False,True,False
GRANDMASTER,aQcgwbiJhY515aBMuizkUUab1dl8abGIdF8v0xkuFEJBvg,청주시 조동민,215,161,145,False,False,False,False
GRANDMASTER,pEoRgso6rHzm8k7AM1lskf54OE0Ps2a-Tmoc0DD8xxU3MEM,03 MDL,256,369,350,False,False,True,False
GRANDMASTER,l2_qheLCeix2OMH3DwGEjrw2fnOYe2rz19iyzJtSMJOBS94,Kiirito,473,156,122,True,False,False,False
GRANDMASTER,Z9Z5YgOxeDcsoQCE5cSVOz4woB3U1vqp2Kzyoju_eN4NgV4,zoe fan,359,117,93,False,False,False,True
GRANDMASTER,R4HuDLx-_L1rtUHH9rg1yWJtrwfOZjKLJQyelVjAzR87Gw,1등찍을사나이,222,199,176,False,False,False,False
GRANDMASTER,NO28UebbO2RdopOUc4rA7YyDDW2uVSclVkgwzSNvpsvm7Kk,DRX Pleata,414,222,243,False,False,False,False
GRANDMASTER,6Bo8AiQsB5Z9fTQ0p728otdB_NY6Edbuq4D6b8btORG4fgE,추운날에는갈비탕,242,184,146,False,False,False,False
GRANDMASTER,UDS-1JshX5vKhxdyOX766qNtZCBVRe42QK8wJS3jWjqhZTY,YongMin2,201,317,282,False,False,False,False
GRANDMASTER,jsJ8oKo8uRL5otIsdar-OHAvs0a86S5CTkIJq_NWOyhCYgw,wake up,211,265,254,False,False,True,True
GRANDMASTER,rMyGnfOtS-pk82EleroaomuQOOb6-BtaA4vTarEZybX54w,Sup1997,208,120,101,False,False,False,False
GRANDMASTER,BJa_bxnzDC90BjStPPUfmoBjcDxidrF5YsX-wEABgYVvC_M,날 붙잡지 마라,266,239,241,False,False,False,False
GRANDMASTER,C_hpjwCt1N4spjqeYMLbVkRpI8s8uvku7-9H8kM_pCLFn2A,vcvcc,311,143,121,False,False,False,False
GRANDMASTER,GPqZfujIGFUas4Zw8XXT0uEP71X7W_LGsjSlpJBL-m1ZOQ,AlvinG0,241,419,392,False,False,False,False
GRANDMASTER,DZiBvMFdpRkaL5K2R0xjQY0mkv-n3VtMRqMLR9HZjMuu51g,vxznxncv,200,72,56,False,False,False,False
GRANDMASTER,_PKnDGakGdN1hLl-vawwTwzZ0cJiEheUcpW2N1yu4MWi5Q,호잇호잇이,245,216,175,True,False,False,False
GRANDMASTER,OVilTlGai4Vy1whpaaWh6lML_MD9AOJUv-4aGq7ebJXwDw,K tune,330,225,195,False,False,False,True
GRANDMASTER,FopqDSWL83gmus1u4wBV62o_TjprO7kQDz4N1TrfZ1U7eQ,CHANGMO2,229,276,260,False,False,True,True
GRANDMASTER,TCKeTD357n6I8GaysYMOdy-de7_rzoooJZ-ZFVkEr9ZMY-0,Raging,273,239,217,False,False,False,False
GRANDMASTER,reykfm8xMBu67WJjj5bn5hn_arqFw0SqBtWbsHxabLOoamI,개조형 파진포LV7,212,248,221,False,False,True,False
GRANDMASTER,ToiwbSKo-EK7vPWT764yx-Hqh6P8f2XalMxDExruzuNpDV4,재능충의 표본,291,174,90,True,False,False,False
GRANDMASTER,95RaRDoaMFnds_ZjfePnEC6dG1pdqkAoh-YUBugO6YJT7SM,hfdidi,472,291,277,False,False,False,False
GRANDMASTER,RpIPH9QNkcluXBylN624BtZeNtZkJ609X-XzgVgIFGuwtIc,ATM서폿,300,242,217,True,False,False,False
GRANDMASTER,EjoyctxYA3diWEHcxzgv5LQfKujs62JbYLgd7VT4c5k6ISo,LSLWYF,480,194,164,True,False,False,False
GRANDMASTER,lpG1h26uje1pQJUg-WnyI_8VXW2gfe3fDaSeVV47OYRfwFY,Co24,370,197,164,True,False,False,False
GRANDMASTER,QTV-TsJ_NSEANVuG3rTL8JoOWjjVERv3D7JJlaP_Srjq_pc,win very hard,441,358,347,False,False,True,False
GRANDMASTER,QlCOkxwAtJlklkrYsPR-5u_sUvdWWK1BBaIgPkMK4R9cCrc,jiejiejie,315,393,378,False,False,True,True
GRANDMASTER,bq-kz1MSKmmViHQPSMux5ikSn3k9Z5dsMMiGte5O1D-T1A,xingyixing,541,468,412,True,False,False,True
GRANDMASTER,qj82ckp3u3DocJaIXaHwiIjuX50r8sOv-YkkLQMy4G9tLGw,Viod,275,206,194,False,False,True,False
GRANDMASTER,RQ8Ki9l8tASTgb1PO91tog8W3MH-v-PXfFz6S2G3Nd9Glu8,wheniwasyourman,240,339,213,False,False,False,False
GRANDMASTER,5IW-BQh_zUuOeWwiqb7qPjDmT4N72OzsK7tDtK4j3c2oIw,울부짖는질리언,237,115,98,False,False,False,False
GRANDMASTER,S0OEtPXZrZhdpdTw56rd_fC96H_6d8235e5yiTOqr4eoNJc,HLE Mireu,557,274,250,False,False,True,False
GRANDMASTER,BG5ZPbOBxhyjPqDmgZvgcgKtGpGCfBLBr3WnglRFXC1sHc8,나는웃방천,261,173,137,True,False,False,False
GRANDMASTER,mpPji00hqcdrCPAKe6xS9q33HmJOkAJRSgAvDm5aWIiG4Fw,FA GLory,278,251,176,False,False,True,False
GRANDMASTER,n3Kgp5O08wWltINiH2wX0XnUc-suufsEv3nzoHDVmeQCIgo,구인수 케일,413,112,101,False,False,False,True
GRANDMASTER,v1Dhc5r-3SEMZ3A4YrRwQh9ANCVzJtxLtJ2ubgLu6aithTE,nu li yi ci,187,157,127,True,False,False,False
GRANDMASTER,jxFmjDt-c1HsXQGr5textIhWDOyFUeWWXATGxEtc5n89ZQ,재미가읍따,404,202,204,False,False,False,False
GRANDMASTER,YiXwdJy5UmvlpQVoubU1N09D3kzidHHt7QTaIwe8g3I4XPA,BRION CROCO,338,83,70,False,False,True,False
GRANDMASTER,LOo5XUY-AgtOUbaSSY7j_tv05XinFY0Pg4rxiJlOSo1bOWY,Luo Ya Xuan,225,89,79,False,False,True,False
GRANDMASTER,tMjkE2m3jMA6hnIp1hrs4HI7bCC6rng1Z2YggdDFRtRiBDw,Gaze  x,204,339,322,True,False,False,False
GRANDMASTER,iL1PC67N09waOe5epM394Akc8ONMJ_LYgujG0WnAp4nMTpY,Lei Meng Fans,238,301,297,False,False,True,False
GRANDMASTER,5FKw7okCoKhz3jEqavKRT1z-LHecrheugCjteQyPoYvFm1g,치 열,495,176,148,True,False,False,False
GRANDMASTER,qmMoMoJzVMC4hvF8xN3_NXgQl4Cj6cHwfeHo91cz7_AZ1qU,T1 Gumayusi 팬,243,208,199,True,False,False,False
GRANDMASTER,49PBUWaTNs9g9ZKrAv8d5yv98NV4wWeW7wtc_Uti6d7EJF8,FA 엄준식,424,314,286,True,False,False,False
GRANDMASTER,OJ_Sk1aSDFjlcRKLcaBC1bdhq5aomDGhA7Y3MC8ngLrnT1k,HLE Burger,422,404,392,False,False,True,False
GRANDMASTER,VCtKbXvPWoZKERZ9sQn0BLaxvaTH8WgOWl74-6D0c2OgykA,이 바다를 넘어서,270,323,258,False,False,True,False
GRANDMASTER,98fDJ0PBQlr-xHlED93phTnAdBq2o7Y0_dNpIZ-76xyUXFE,rknb,328,239,145,False,False,False,False
GRANDMASTER,q8Cgf_Z4lezMCu7X2Ls7l4WDGDqDAhS9NwMqM8HVEZ97XSw,당근양파오이무침,229,556,532,False,False,True,False
GRANDMASTER,lznn5T6rIOzZMJ3dc37cEefveVFQ1ekD5j4khi12-TBdMR0,S2 Doinb,335,280,258,True,False,False,False
GRANDMASTER,J2AS4iPanbYbgPJKdvQyuiC8AihkvpWlxt_iSCC1uaAk80U,impupupu,216,230,211,False,False,True,False
GRANDMASTER,ToHqYbCkqIbDAAHqNNarUNrzgbCipo9MeHMTjYJg1_OxXQ,인천토종닭,333,275,244,True,False,False,False
GRANDMASTER,kdVslCluXUQH-CnLUjTQJDx6rBJV-g2cdfe2_XvF8VOHfwQ,lllilililiii,337,48,62,False,False,False,False
GRANDMASTER,lnj9fnupgzrfZoeI2kLSOYkfij24ZsKPqDZu6cHE37CkThk,jiang cheng lu,240,369,355,False,False,False,False
GRANDMASTER,U_Ih8QBLi0VkCTbNjFKHFVFe6Zh5jLFYsrwStGdcZdrW9qg,Komica2,324,191,168,True,False,False,False
GRANDMASTER,c9QlVDAQmElJleI1iak-a4TBO-yvzCsHG31ddgBCnoXc24o,Folow Your Dream,270,112,94,False,False,True,False
GRANDMASTER,u3I-hNvAIdUFJKrjNgujrimVeEvuZ881KjmIFsagaPItS8M,정점파이크유튜브,375,217,192,False,False,True,True
GRANDMASTER,w9heve5RyA8k_3MZ72LC3_462G7YNPfbzpLGLAA5zcmQCUE,Synchronic1ty ,323,231,198,False,False,True,True
GRANDMASTER,dpQvnxTnl-fRFTTu3cijH4mwC5FZIPBRbo_J5ZHKmeWA3TI,liiiIlIIIlili,476,112,74,False,False,False,False
GRANDMASTER,WxxIrZGuvqyL47r0crUssQmXDShaUuPA9zR3_i22EzLT5C0,SANDBOX Ten10,604,193,198,False,False,True,False
GRANDMASTER,XILFsNBmVUYZ60r-NdNhGCVYXom-9IUfYMIVZj4xcZbi95g,Heimish 곰이,382,83,55,False,False,False,False
GRANDMASTER,9Hjfd56FunLRYfv9dzp8qUk8ztoQ04I4zpI5yV3nhLZjLw,SnowPowder,508,129,103,False,False,False,True
GRANDMASTER,pG4D9vw5HPlYa9cPhrQ0MeBzUFd1D0jKZXjTHfM0JUux8yI,끌라우즈,366,141,120,False,False,True,False
GRANDMASTER,iQck8FtbdO5elW9I1wdL3guEobN9o0VOWwEbCNtub1iQ0tk,Iron1 Sugiura,382,203,180,True,False,False,False
GRANDMASTER,zxTWA4zbuRUb5YXhVyAse_JJgaVP2LvoUx3w8N4WLYaX8YQ,SANDBOX Muru,394,340,253,True,False,False,False
GRANDMASTER,_SCD5s8XjUKf7dCHwBUzHndGnCIIkCvGtjw_v9_YQKEt1WE,Gen G Quid,460,525,497,False,False,False,False
GRANDMASTER,-cwbCe8UlE_DdF6oexnVSd34F8vnNKfkcoCnzlwfkveBYCk,암살몬,326,116,61,False,False,False,False
GRANDMASTER,i1wKVB6AtMCl4CCcMRdsBD2tvdQ5kGCC-WiXYTmX3NvJnsw,상록중,238,224,205,False,False,False,False
GRANDMASTER,FKNunxq6Y6wbmZgw-ZAfIj_SkkfmitVYHTMDbik9CDNC-pw,모찌피치모찌피치,413,225,207,False,False,False,False
GRANDMASTER,DAstUQL5rKyKP3TRaBSf4hyLjAsUlo5di0YgFGjovfpukQ,Ordinary peoples,323,181,163,False,False,True,False
GRANDMASTER,fc1O2AID3lBEVuQmyp0xEzG4170fGILvJf7MB5BL8le3VA,볼빵빵 다람쥐,292,313,293,False,False,True,True
GRANDMASTER,brfWKnx5XfJGSHFjUlTeSHdo9yZlf3gfUbtJ6fV0azjq9Ec,cherish1124,509,102,72,False,False,False,False
GRANDMASTER,8X8EwXgydjLQ7XkTZmkfU5-ho44ZDuVC5-HV8h9r-jcAkLU,love bai bai,221,105,91,False,False,True,False
GRANDMASTER,rBj8mzQ4vIrhNys1l4SP80KOdiQZhg6Zqrdmb9k9HmafDg,ubbu,419,80,55,False,False,False,False
GRANDMASTER,BGt3ZBCSeWav3k8F9lj2SbLYKW32NUyEjfIoz1MFWsyyB3c,리하우,344,158,146,False,False,False,False
GRANDMASTER,xsD4e-2AXmgVYljYu1131iSWIHoqoZ0NBvU70m4vLKK_RXg,Yuiii,360,99,80,False,False,True,False
GRANDMASTER,D0z3Y0gVlknhU_Hp_rp9qa6j8Gr5WKiUHa_BymHXz0A4c5w,블랙 키리,272,203,185,False,False,True,False
GRANDMASTER,VB8ZIOXVRhGTY1cteLT3ZnLgKlIAKflXQ_pPxywhWZfiwwQ,캐 인,402,171,185,False,False,False,False
GRANDMASTER,T7vgETzPTX7A4u3eEZy-xYh-fzCVGMTPbdLivI52pVR2ykM,준라가스,324,160,150,True,False,False,False
GRANDMASTER,5wpEDhf9T9b-YakaFDDugvNM0_k8h4fGj-IYG725-Vi8QrA,wrsIt,291,107,87,False,False,False,False
GRANDMASTER,qxl0wDBkpmECfxrYs6DxFHX2-aiKyknR9fH02SKBWKRVoq8,IM Karas,418,259,234,True,False,False,False
GRANDMASTER,4oR8eonLttNDqUJc5lDkBfhgykBGPkXPnFtLS6xhNGUaV4U,맥스 노예,538,252,199,False,False,True,False
GRANDMASTER,_hDkLvz-kiD7p0STjQpYmrCRoUX6wfl72V3OuT2NVJT2oks,Gen G Frim,204,354,350,False,False,True,True
GRANDMASTER,bOCRUmSTG7kt-W-2Ez9rpapp6qgV7Upew2p0LkX2Kafomw,려창동,603,262,227,True,False,False,True
GRANDMASTER,Pl0VN59Y6G5Akk8Hg9NACZg-UBidgiILDtw5GIEVXSmuHaU,jug242,303,95,84,True,False,False,False
GRANDMASTER,2W8hVUyXO_TwoYSVNQ9uzd2qkE6LcwqZIMXH8Mh5b4tJ1g,디에나,497,215,206,False,False,True,False
GRANDMASTER,2ox7uJ7aBOMdNvt67T68lFdSTb30uMG4f9QnaruWEk1UFoA,Remika,324,256,244,False,False,False,False
GRANDMASTER,li6KkAcZHEQ6Uym9w-jZfQEK-7dOJdHIr2xCTz2cwwWRM0M,TaylorSwift98,307,105,86,False,False,True,False
GRANDMASTER,1toFFbLKC7FelO6wKQY1Bwjgchd8d_JMVrinKYP_zGGVwbo,H2O Man,566,182,157,False,False,True,False
GRANDMASTER,hAEImukPcPpPOW14NtyBKLziC0hwh1hnaAOeCOjDCeI2YrI,물다이아123,210,84,64,False,False,False,False
GRANDMASTER,kta03VX99G_Y1izA8lXZaw8n7nKZ5Ks-J2o984weKHPCMcw,Twitch TV donko,517,377,345,True,False,False,True
GRANDMASTER,Sy-FYTRtHErCjcXT75Yt-74RTxF4d4GvsWfYin36zysMvGM,쭌 베 fans,545,343,333,True,False,False,True
GRANDMASTER,HPyLYRip48KuCexXccPZriEN6dXWiuwOzC_ufWK5NPE274Y,qtsupport,300,161,140,False,False,False,False
GRANDMASTER,Mo6ZsxoAmrfrgypDVmfXvcM5umIF3wnJqPF015_xFu4FZb8,like cs,273,209,189,False,False,True,False
GRANDMASTER,pQZWiUIEuvpEt_3PeIWzbvP_dW1yM4s5ESJQHGeGf8omIUQ,xzxbzx,367,58,30,False,False,False,False
GRANDMASTER,1Uyyjyq-fhSGlB_QeLkL_HloG3Sb6wXS3Rwx01AN4iFLw3U,쓸모없는 돼지,344,274,244,False,False,True,False
GRANDMASTER,qB5cWfc1YzcvCXFeh7iObuMAGesOsWVJ-zOPKFIhssuNgIU,라면은물붓고3분,357,83,73,False,False,False,False
GRANDMASTER,6RXiEW9kreVRu0KRDyW5iOEl79WvXelVx1Eadu-Jeuhk1qw,다뿌싸삔다,249,103,107,False,False,False,False
GRANDMASTER,AFDQEUcUrM5AfC1zTJ3RKqhGMXAOmWlHq61mQskrxJkVLA,연어 마루,204,295,231,False,False,True,False
GRANDMASTER,nyLrxT6c4L4TKnx4A2LTGBjCXrYF6_vJHvmTea6xiTJTl0U,xin tai wen zhu,600,187,146,False,False,True,True
GRANDMASTER,JW3AThyfRov5-3va-hlq5YFTiCPbplSrVq7oPtzx4Xy5Og,mingkey00,447,118,89,False,False,False,False
GRANDMASTER,m75b9J9OehleV3EEDYYHmiXh93-Qgkpt4FPNEANBN5878fY,Brion Doil,305,300,276,False,False,False,False
GRANDMASTER,nL5cYSeNW_2uP36s4ZUKnrrtmsM7N2hHz3TwbXWu1_sJOLA,zyxzyxzyx,436,224,194,False,False,True,False
GRANDMASTER,15e0lwsL14GBpZoEdz7nd0Z2GbB7pO8wILk7Yeay6px5iYk,s ya yu ,367,323,287,False,False,True,True
GRANDMASTER,nKnnyMKb_4GNpNBt6UaH4MwihZHUqJnu5iT4J39T0AeKACQ,l학선생l,267,123,61,False,False,False,False
GRANDMASTER,im71T9sOjhgh4VJV2Th151lflC3veYKl6K8s-X7Z-Nnbjds,Morgan5358,289,62,53,False,False,False,False
GRANDMASTER,QVE83IjvKLlqVP6rXANkZhUXJHPFlBF89-rylosrn870_A,ShrimpVicious,326,354,331,False,False,True,False
GRANDMASTER,r5lmN9vMYLhEX8P-C0_8T2GywIZ4QtyFGE2yFvonbGUUrw,Cherish myself,351,148,111,True,False,False,False
GRANDMASTER,5CCPas3Nf8KV4yxfHRW9moA0aZZ_es2nPEDjPTDKit16_kw,GCA Star,238,235,221,False,False,False,False
GRANDMASTER,jRdnY7RTOQm1UqIDlF372-Bi_QkhU4A5cz4VAF2Ea7B8a3c,zxcxvvz,266,153,122,True,False,False,False
GRANDMASTER,g8pOWLGb6x4A3U9SOnZTIlTJ-02_aNkCIoPv0-u035drkw,내꿈은롤드컵우승,384,123,96,False,False,True,False
GRANDMASTER,WS8Wk6EuCE3vWZg0cLWGOiIp6Fk837vlMwKpMFJg35qm0A,인생 즐겨요,214,122,105,False,False,False,False
GRANDMASTER,Q1ODP5DgYhxGsolR5Y9A34yu_AViUhzT4yvhlLWaxMBcdGs,인생목표한남더힐,207,99,89,False,False,True,False
GRANDMASTER,2HdPG1J3FY3IUi-0HWhLfsu1aPkhJm__gahpd_1chrgpL2s,DRX BAO,313,139,130,False,False,True,True
GRANDMASTER,YA-dX9Qa6EzI_itZGUdo5tii2kAM4tOvUtQKqbH6Fchll5U,Salad Chan 길 길,421,117,88,False,False,False,False
GRANDMASTER,6Tw7fzLk54sOWI5510o5rGKUIU4jjBEHa9SxPQw1zh6jINY,초보원딜러,301,262,189,True,False,False,False
GRANDMASTER,PqwCYV-tYlEHhDRLP5IMSE7yHezb3i62KSGiG2vVsayYmlw,나만 봐줘 제발,269,378,357,True,False,False,True
GRANDMASTER,VLh_RZL5-5vbpSuYJXuVMjuI-sSsCSlCGaMhxn1jGkhtlQE,yong  han  yu,197,332,257,False,False,True,False
GRANDMASTER,I4UjVqeMH3uSPE9EctHxg6vTve68v64Xvx1KQWQ0GtvThWQ,마가로,211,125,104,False,False,True,True
GRANDMASTER,fyxN-9hiD_zI2EHwGRLKJutR25ZS7DhnZBf7gqybvqJ2lno,OuObbu,233,200,166,False,False,False,False
GRANDMASTER,SF1Abn7LpvRIAVf-2UF0VrtpQ-MlO5yvHN8p1d_GS0ebips,clearlove9fans,635,227,188,False,False,False,True
GRANDMASTER,ae2SR5cnXZv_3UKwkxWUF3YtgwaQpY1FQ5qPdzwfMQIUWrI,기앵강단,163,59,38,False,False,False,False
GRANDMASTER,jE9eVGdncpnyxGzdqDSHnclV2seaGE5t8ESSFnqqrH3-BRk,artknown,606,106,75,False,False,False,False
GRANDMASTER,6TMaoS9Qecq7RQKuqY5rS-s5E0TJ_6dWQKmEvD2L_KRS8Yo,일산 리정혁,251,234,216,True,False,False,False
GRANDMASTER,lVlj7ZGSh3ILdoVAiQEzoibjxTk-JLIRRtq5rhswPu_Q8qw,HeyGirl Gh,327,286,187,False,False,False,False
GRANDMASTER,uEwjm52LfRoOkB_Z3V8YVQFSWBmlrK_p9B7MImq5LhEN_3c,gkfrjtaksgkwk,378,252,232,False,False,False,True
GRANDMASTER,AOm-vsH0Kc2m5aMbJLXWsijqwzyleVcW3PSiepVIEG_8OQ,APK Flawless,509,183,158,False,False,True,False
GRANDMASTER,BYx9t39CQzFxRR_-IuVDSj1cfNzlxnroYQACH4-MYLHZoqM,노력하다,307,132,110,False,False,False,False
GRANDMASTER,xuXe011dc93cw3PWDEIv5nvCji8IGFhPKq6EOwCZTY9sCg,미친놈처럼게임함,445,265,199,True,False,False,False
GRANDMASTER,1nN3U71dZ7gU5I7GoZK1a4yI-voG8lXJoVEjO2Srj1pIuW0,zhiqianghuya666,365,133,106,False,False,False,False
GRANDMASTER,dmFKMaByxDsPU-fJjK3GTzOwQognK00H5StnYcMDSfOkdg,Plz Mist Carry,235,534,503,False,False,True,False
GRANDMASTER,zezDIV1gvWUceoBK8jO2dxfh2Vgo6bUEoH0inXi3w-NDxDg,U Han,208,156,139,False,False,False,False
GRANDMASTER,i-7bvx1sE8xOkCJASIfq-UwwSBEtGuv-mp3VfZRwGEzPrmk,카레여왕 엄승현,216,169,156,False,False,True,False
GRANDMASTER,oWuoLjduwar3RXWy0qlzU8gkGMr3w25uqh-f7M_ywZl34A0,EDGY Pout,378,293,271,False,False,False,False
GRANDMASTER,3TirFyL5HDBtt3v0H8wfrx2DVBYeehUgbIErN32RXwyEHv0,아프리카TV리리스,471,108,83,True,False,False,True
GRANDMASTER,fjyZK0_eZbdUD1xPDTU3YPjWavslI2dRf2UN3b76igkkNbI,SANDBOX Dove,566,179,164,False,False,True,False
GRANDMASTER,tnK-eFu-cfl0EcjbZpxbSkiUqL5dEDPqnb948YfZKD3XE5s,koe7,453,480,389,True,False,False,False
GRANDMASTER,Abq0XHqyUEgS1dn_SbzpcVLCEzBLkj4BqbWfLRwICh9n8qk,그때가 좋았어,332,184,127,False,False,True,True
GRANDMASTER,RcDZsGac8OKsGQJU_RCZGBIXtjrIQayo0BaelRPZLfhMTg,아프리카 TV 모순,277,552,537,False,False,False,False
GRANDMASTER,t3QahE19FAlqvs8X0LnQVMjeDXo7jmMl_ieCD_-BA8BA4JY,kamoufIage,328,241,223,False,False,True,True
GRANDMASTER,uZ8XkGRvSZhnbHTt_ZIv23tlTO8M7kUK7ZMakJFH4SnzIJs,CITRUS2,392,193,166,False,False,True,False
GRANDMASTER,cdQffaAIjswgC7IT4qEFezTqPG3BZeuXtghHuQmYg7CC4Nc,Solo왕,507,272,187,True,False,False,False
GRANDMASTER,53_IBNFRl2lV9ItnLvW_MVtcQJUqoO2taZTldJl0MiyQvHs,hen xiang ying,378,280,270,False,False,True,False
GRANDMASTER,4p68NkrSzuXRuNVDPP4CvzSEchbN0WLAQu1LVhcQGXsgKFc,blwy1,489,158,132,False,False,True,False
GRANDMASTER,6j2UIDtUGrPnDvkSUcqgmDeJRnILvCJxLnXZPuInU8Wi1x4,prob,308,75,51,False,False,False,True
GRANDMASTER,5gM5-RFoVrn0WNFYyZ4eFmbDhWY7f-zg9dzrvh3_K_3mSJ4,이두나1,390,177,157,False,False,False,False
GRANDMASTER,J_7XGFtucjZUuxMcz5K-zzbzJO5mvkgrGm-6A3RjgDmYGOM,Little Rook1e,249,80,56,False,False,True,False
GRANDMASTER,1x9bCcfiSWljhChU4g0y5fyog8tfSkuKJECL2vwADkihpA,닥쳐라배준호,207,134,112,False,False,False,False
GRANDMASTER,5YQVbnXtQy2lrF4lcpmXSyaSVtHqaT8H9fileAyOI6s0wKQ,Want 2 be happy,238,162,134,False,False,False,False
GRANDMASTER,KFpEKibCpvwsVReLeATbhPnksDoxQwMr2PEBlhkDWCbeWg,zer그링,430,266,233,False,False,False,True
GRANDMASTER,tTE7msbkQyZWa0f2MjTU2qYgDvAey_jAN9sXeLpyHKwQQ0w,Baekkk,525,98,61,False,False,True,True
GRANDMASTER,1pgZ5sqRY1l-oaIA5JnXKbDMMa88P3bV8GsylTWVoZcUxGs,Momoko1,366,264,187,False,False,True,True
GRANDMASTER,B-mzQGyMJesXjQ_VfKkYSZevWLboH6cZ45tuEHC_GJ-8a9Y,fantasy44,582,266,232,True,False,False,False
GRANDMASTER,LW0Y_SfLICljDkHC65yd4BRwOf83KntpSOh2btZh3MkHuD0,하필칭찬받다2,341,146,123,True,False,False,False
GRANDMASTER,qSoNYKLDwy5VE-v_-J-1WmxR_NABob9sEKMMrpYwvoZldA,땅꾸넝,415,457,416,False,False,False,False
